x,y,z
5.145000029476610309e-02,6.653766960725975288e-01,2.346316002111358545e-01
1.114066760755007546e-01,-1.840757794457934748e+00,2.073531764555039958e-01
5.332559353614062247e-02,6.628361494739524185e-01,2.493910816656444429e-01
1.089844821369570227e-01,-1.854495661546451624e+00,2.330619253967128601e-01
5.910310966246016401e-02,6.591162517934945342e-01,2.569321427935266633e-01
1.045828249200711491e-01,-1.858435698611630160e+00,2.706351538290271419e-01
7.211642465516154843e-02,6.570763416038004623e-01,2.694778988924667606e-01
1.102611905206990206e-01,-1.860604327105090050e+00,2.818483170995606524e-01
9.204859961725719852e-02,6.567958053234668192e-01,2.767281250989542252e-01
1.152661817461389238e-01,6.625515214429136268e-01,2.873349698187089851e-01
-1.792134353685896242e+00,1.558756870895483364e-02,3.348096082737645474e-01
1.365144276434695214e-01,6.596234154845682651e-01,2.936589282090235065e-01
1.548836606521524772e-01,6.628689508500085203e-01,2.998435669628903844e-01
1.814121150827985862e-01,-1.838990047526763316e+00,2.985044080112726483e-01
1.710448124121714819e-01,6.587890298663858779e-01,3.059599100294647656e-01
2.135532174088472790e-01,-1.826842230114018140e+00,3.008340039761430718e-01
1.880807395621826583e-01,6.590723885943082783e-01,3.104993860673445627e-01
2.470173012986174865e-01,-1.840232780939820678e+00,3.101105021939482564e-01
2.004374692951114423e-01,6.622618172393118785e-01,3.153428111372768572e-01
2.203009800346515112e-01,6.605902270592133307e-01,3.208507747179790148e-01
2.986730993723885064e-01,-1.849185347929899859e+00,3.231689849278295279e-01
2.352657836382843204e-01,6.652591320059856317e-01,3.241795209108662146e-01
3.132497935288499069e-01,-1.826515364908492201e+00,3.189497285641867408e-01
2.525564101319155430e-01,6.606048286176980922e-01,3.296266636789714211e-01
3.310755594493009490e-01,-1.839149134213769798e+00,3.215107226462965428e-01
2.692547668801721916e-01,6.567405228408191853e-01,3.326493848621727700e-01
2.880888634494739864e-01,6.608717250992343084e-01,3.357101829291248007e-01
3.683616436637525138e-01,-1.829797729847065346e+00,3.220739461252146163e-01
3.047526282297567390e-01,6.614996342449005473e-01,3.354759200903408844e-01
3.880226960118696722e-01,-1.829081661907882905e+00,3.238611421982250382e-01
3.225429778542535653e-01,6.558365127119494264e-01,3.355455137803484145e-01
3.417768596347157128e-01,6.562045125390041367e-01,3.402515966203485953e-01
3.623018688564732526e-01,6.607923486408364688e-01,3.405887403710872174e-01
4.386631723564524687e-01,-1.827035928894521488e+00,3.399462271512792011e-01
3.821005907697252457e-01,6.617242460278085492e-01,3.423599945305912384e-01
4.509119476691155204e-01,-1.827324767766529856e+00,3.422960328641279637e-01
4.055291413765110264e-01,6.581698904470727474e-01,3.440522522456411214e-01
4.659825755676125780e-01,-1.841089720706087451e+00,3.372127820135646381e-01
4.276691173033364546e-01,6.563707185585287984e-01,3.461627381684797000e-01
4.745189380577919391e-01,-1.830180411580914823e+00,3.400331788426499413e-01
4.502119448001508095e-01,6.574521370620474148e-01,3.508972561139382385e-01
4.712752674119802254e-01,6.534594874015965393e-01,3.547893215257690858e-01
5.053277141909278125e-01,-1.810272143122686472e+00,3.420267346984471879e-01
2.304136223379684711e+00,9.677187469787118523e-02,3.465057262084997869e-01
4.921686129433777146e-01,6.546603558393406797e-01,3.542501275593718524e-01
5.108767247329816241e-01,6.537326200345967564e-01,3.530658586763513740e-01
5.310961900621268272e-01,6.596726597804022374e-01,3.538296471124920961e-01
5.751801048217946022e-01,-1.820930086520215818e+00,3.485738402958659110e-01
5.505996700239423891e-01,6.551018185546246819e-01,3.526225022839419854e-01
5.964957444106895323e-01,-1.817468256361730816e+00,3.481755950426059787e-01
5.730313522911841817e-01,6.573766447492418452e-01,3.556002329772129378e-01
6.203784723542185020e-01,-1.814156394117306226e+00,3.474339600927300875e-01
5.915218814158877958e-01,6.556914542339756791e-01,3.574831478836086318e-01
6.402594987568316354e-01,-1.812809612246982338e+00,3.480954198144550205e-01
2.308377362478272410e+00,1.224968755674467058e-01,3.514999692408345422e-01
6.144640736431254968e-01,6.509078620398588422e-01,3.562796960169254401e-01
6.385935399232361975e-01,6.556851628883011429e-01,3.566492606357302142e-01
6.761628111770234817e-01,-1.813020859943230256e+00,3.503150130259213291e-01
6.616957702301800026e-01,6.544636425562113669e-01,3.583676050071954444e-01
6.861360652964133555e-01,-1.814406608751142791e+00,3.517832153894773772e-01
6.909495590793810482e-01,6.528637125597792634e-01,3.588194405487385441e-01
2.310835931716249014e+00,9.755743943895701931e-02,3.535201219101766767e-01
7.198987924558024609e-01,6.499729490808086041e-01,3.581597541979760768e-01
2.313985545767296426e+00,8.127246318396322278e-02,3.498422871850097593e-01
7.504264522771245671e-01,6.540766748992196122e-01,3.583761379047711304e-01
2.305795900344843830e+00,6.479155002900396920e-02,3.525519105557152200e-01
7.744055324221250647e-01,6.516415783651622329e-01,3.606483770916895648e-01
2.315406588838415658e+00,5.400739498264620769e-02,3.550692215471740187e-01
8.015609604112245989e-01,6.502247657380804124e-01,3.590861096338650582e-01
7.137324875042927452e-01,-1.825084337805990220e+00,3.333956199793692843e-01
2.318234608736796432e+00,5.010379384288429078e-02,3.526936479511634803e-01
8.234953634085794283e-01,6.504236471038471468e-01,3.537359684679727834e-01
2.317733193717706808e+00,4.993537770215769611e-02,3.565898752699648289e-01
8.440926218790379965e-01,6.480082419556185691e-01,3.519544391303486841e-01
2.315104452313817340e+00,4.957588831869767093e-02,3.502477342656625248e-01
8.658975520742276943e-01,6.485094764378700471e-01,3.522668550750669980e-01
2.326964763527677782e+00,4.720316113401549357e-02,3.470401169584125256e-01
8.880861277641004525e-01,6.473017167944787875e-01,3.528876819987760149e-01
7.909158359330423771e-01,-1.821713778816345775e+00,3.338767162394382648e-01
2.324524836734775057e+00,4.538035533421422990e-02,3.465229362471116681e-01
9.101332620107180915e-01,6.432994415558049850e-01,3.478118440736558958e-01
2.315142673667587747e+00,4.097286423849178655e-02,3.413894291985178908e-01
9.306016562788843594e-01,6.466573311213527075e-01,3.443511770834831176e-01
8.268203923623920204e-01,-1.821156878305048021e+00,3.396101842504617441e-01
2.322309296087730068e+00,3.966067039499580893e-02,3.362951752995274601e-01
9.499569117849792077e-01,6.455728535829717840e-01,3.386695396449914131e-01
2.320224864978005286e+00,4.671975546709120075e-02,3.339047385782450972e-01
9.658811751671414481e-01,6.495647532400550261e-01,3.368987051456170945e-01
9.103844829619914814e-01,-1.816796871970212557e+00,3.452324224706543876e-01
2.325025498056042750e+00,6.283947466746206412e-02,3.372949913845133540e-01
9.823383984084710363e-01,6.432415100381099204e-01,3.417648002771879190e-01
2.316850838497134912e+00,7.341546574033908090e-02,3.483089953045048204e-01
1.003244474300116318e+00,6.453029585695300163e-01,3.416992146854397894e-01
9.753575338796440786e-01,-1.816467855480749183e+00,3.604282735035103657e-01
2.318824884348145154e+00,7.445659426945559767e-02,3.559334362393857809e-01
1.028592494469547036e+00,6.470587068524555896e-01,3.411765245520870238e-01
2.326395371325770789e+00,6.940878664786369334e-02,3.532290143919011305e-01
1.054542610369437750e+00,6.451777302965702177e-01,3.425602839426928337e-01
1.006665976746496050e+00,-1.815347499503521478e+00,3.492252273138056196e-01
2.329462444872485882e+00,6.327124330985896272e-02,3.456026503745198708e-01
1.073558182107289261e+00,6.450207340236803200e-01,3.452060232558379349e-01
1.021252918685646716e+00,-1.809403082949661679e+00,3.355682801379845093e-01
2.324425145344103605e+00,6.223836403331026168e-02,3.439612296510548006e-01
1.091993420350880539e+00,6.490742363123198633e-01,3.449962574965492190e-01
1.046512069968142056e+00,-1.818484536966059384e+00,3.345489045178232090e-01
2.326461044009997092e+00,6.623798920305809523e-02,3.409225376969817756e-01
1.109909818541799265e+00,6.486513793038105602e-01,3.441451334409159069e-01
2.334836780899198772e+00,7.530031722294197594e-02,3.409053031035947368e-01
1.124727516151100115e+00,6.486297315079598835e-01,3.376841641348809486e-01
2.331297100053103755e+00,8.331031247750109170e-02,3.294504730057584152e-01
1.146690521249530192e+00,6.449011690484964809e-01,3.364014007223138369e-01
1.128171802206622720e+00,-1.805028101358952197e+00,3.383058811859677717e-01
2.327436102559389930e+00,8.195352028166258407e-02,3.279861190790543390e-01
1.165902758496188074e+00,6.433264978698567393e-01,3.338323955505131391e-01
1.158162323216927359e+00,-1.813650737788726985e+00,3.410399691500510810e-01
2.332133665267873912e+00,8.663146467112342597e-02,3.284368323404951995e-01
1.184486707741746914e+00,6.455325196754186923e-01,3.337539630278945624e-01
2.326223108895474567e+00,9.206316886317979231e-02,3.297956815810734743e-01
1.206079569242524130e+00,6.465400076945857499e-01,3.347068459309593957e-01
1.211304210016009408e+00,-1.801440904509271856e+00,3.428405175715351638e-01
2.321263620401173178e+00,9.292073073051983212e-02,3.361995666576415576e-01
1.231367814626739055e+00,6.437966564151250681e-01,3.340819652508446036e-01
1.227483521090606322e+00,-1.792194578405359895e+00,3.393370714812951605e-01
2.336484495992281918e+00,8.903626349218850267e-02,3.358217961615874714e-01
1.257237265447976204e+00,6.429088238017326429e-01,3.303404126528087237e-01
2.334797433308839487e+00,8.230382300779015559e-02,3.340977687035378563e-01
1.283444163910911762e+00,6.430262167751145119e-01,3.312532003718399176e-01
1.259241748757345292e+00,-1.795853690363084620e+00,3.310490967124886108e-01
2.333910077802485716e+00,8.057439979556764442e-02,3.343056302803427138e-01
1.308018974981838056e+00,6.401341249977627879e-01,3.296786691954137760e-01
1.279710113926474158e+00,-1.795701366913403429e+00,3.294242450708675385e-01
2.335572212765731237e+00,8.015463336969787245e-02,3.338394955329727631e-01
1.332850279028821694e+00,6.422040530806969461e-01,3.329525537007787528e-01
1.294720998177639526e+00,-1.817495355517086519e+00,3.279548256684676755e-01
2.335210431007057608e+00,7.759240789322323362e-02,3.360855785748594338e-01
1.353727305849534268e+00,6.405639611616300577e-01,3.297537913425898082e-01
1.316711898043501083e+00,-1.790150819495349044e+00,3.256899654791949872e-01
2.340296186420816937e+00,7.947433699871722657e-02,3.308840767258560134e-01
1.372445640665383104e+00,6.379152114002721863e-01,3.336827414760097921e-01
1.344391783715767286e+00,-1.805857090424503708e+00,3.156295438565768774e-01
2.337148475175266249e+00,8.382576216359249877e-02,3.288533177847607902e-01
1.393663016688736933e+00,6.352179996652108640e-01,3.342234082402661399e-01
1.372591548429545449e+00,-1.808664579850687071e+00,3.228246905877271145e-01
2.336976538838270834e+00,8.808370204225582367e-02,3.288699706086217756e-01
1.413058629548167522e+00,6.377003368494809088e-01,3.347245841459514093e-01
1.395846905400769389e+00,-1.812222767012598768e+00,3.257500805570257563e-01
2.336222794295053973e+00,8.921656284694186312e-02,3.295792383737326525e-01
1.434321697981433053e+00,6.381348637695635206e-01,3.312337824277696852e-01
2.333555603039062287e+00,9.155971810753174567e-02,3.298216424433592087e-01
1.452906486522971719e+00,6.363740906686855547e-01,3.308838192000705947e-01
1.450181670283425595e+00,-1.803616391503334526e+00,3.371306012847963829e-01
2.336301781966746205e+00,9.438881484043371017e-02,3.321925488054343067e-01
1.474945420406690300e+00,6.342658201419079100e-01,3.272661703485598705e-01
1.477253640462735218e+00,-1.800675173581346655e+00,3.440598955512282342e-01
2.337993520989660734e+00,9.629131485402739332e-02,3.592256406255689427e-01
1.497919258542410592e+00,6.348168702124838969e-01,3.306493061635972786e-01
2.339232096640469383e+00,8.750786749725701641e-02,3.885247240735599794e-01
1.519656904410430442e+00,6.393065068865377842e-01,3.305818284876021473e-01
2.335012194816395326e+00,7.420289071685148841e-02,3.790653658889591715e-01
1.531498950059166475e+00,6.357345342642369834e-01,3.340127538062965806e-01
2.334064738715218468e+00,6.661900487430492956e-02,3.654717602449415459e-01
1.536144246896351540e+00,6.391139062332119591e-01,3.264599682017909621e-01
1.412493973325164021e+00,-1.800749420367203424e+00,3.213065852230585495e-01
2.325787917338851152e+00,6.237276888436659589e-02,3.423512934976198907e-01
1.537706102040254708e+00,6.377080427604997492e-01,3.274319883413455701e-01
2.321823681304354015e+00,6.066837607326521636e-02,3.287902808333036941e-01
1.536561602734975329e+00,6.422494553177363619e-01,3.264253147617323103e-01
2.322517692637865228e+00,6.633514380519817122e-02,3.196628788397116727e-01
1.531169132399945232e+00,6.427364288832551065e-01,3.289927601038022953e-01
2.316712856295092493e+00,7.811219361468155209e-02,3.171381915193509093e-01
1.530006028305540999e+00,6.403645418955750124e-01,3.263782635609386862e-01
1.431475985761789804e+00,-1.780539466951317484e+00,3.052924705862106736e-01
2.323092021502029425e+00,8.571647449081488956e-02,3.169374627631227348e-01
1.533725983857241681e+00,6.436406625728040565e-01,3.230182868176370015e-01
1.438924876543217657e+00,-1.799501833214048219e+00,3.134008374455155566e-01
2.323752031463660384e+00,8.760901065741372173e-02,3.172177548055621354e-01
1.545244078882465733e+00,6.411894924362824266e-01,3.192728885443348319e-01
2.329490863369470866e+00,8.465130468557946486e-02,3.187968665325681683e-01
1.555607191949446966e+00,6.442431053446834310e-01,3.182004069474625441e-01
1.427183947211938975e+00,-1.772344413641942618e+00,3.147027950259758677e-01
2.332612110217238133e+00,7.819918241026735384e-02,3.265451236400649382e-01
1.575023712809428877e+00,6.425654490598937674e-01,3.207731004984538115e-01
1.378155202383962719e+00,-1.783447621936812055e+00,3.130679751917851972e-01
2.330131795774669889e+00,5.754809521737108691e-02,3.278779399513471748e-01
1.601472374952479516e+00,6.398056471294937264e-01,3.190649581385631706e-01
1.299701801775233090e+00,-1.785487614386074950e+00,3.142569636031328217e-01
2.329976669487871188e+00,2.412623669884231270e-02,3.269615659708452471e-01
1.628003154382886120e+00,6.431320331097842846e-01,3.211264724196046250e-01
1.205190585214104271e+00,-1.765999092453051755e+00,3.058702868794546115e-01
2.333370497400357291e+00,-1.170559646448984803e-02,3.272575651459077029e-01
1.645966357077314424e+00,6.358256334834071488e-01,3.253443269616983491e-01
2.323285059664138341e+00,-5.618778742376279167e-02,3.240025332155319626e-01
1.714414119185634799e+00,6.415370074175710258e-01,3.217310684568900347e-01
2.373231885849571565e+00,-9.517196124153187720e-02,3.194847770279890531e-01
1.742272548050852521e+00,6.348734059962033438e-01,3.260212077988595691e-01
2.366584189260401150e+00,-1.374048646860503986e-01,3.296608894150667712e-01
1.752653731287397543e+00,6.381109538573737083e-01,3.199788501563981535e-01
2.355148373771601911e+00,-1.843197808298243090e-01,3.266790307290280415e-01
1.772089653025460620e+00,6.402447866683610433e-01,3.223931061898974160e-01
2.348682268799043626e+00,-2.340354268912913649e-01,3.221408890903362798e-01
1.789172678543839323e+00,6.341839403796586394e-01,3.145433253079493174e-01
2.342326554927035787e+00,-2.842983820727462141e-01,3.146546117855261171e-01
1.813141806457098992e+00,6.334298361013553924e-01,3.119585897258015939e-01
2.334960501066348559e+00,-3.370430748091728934e-01,3.132152301456505583e-01
1.839274075772838968e+00,6.302501889538112412e-01,3.106632451592034050e-01
2.338079026489701118e+00,-4.001841414931244234e-01,3.155327191271312670e-01
1.871775710864512110e+00,6.267565531268791679e-01,2.993988005928352458e-01
2.337747151281463154e+00,-4.650469241694414890e-01,2.865230994696282285e-01
7.097699120509456394e-01,6.950626304958261725e-01,3.484579823849614511e-01
1.907989851344770171e+00,6.251650605749483613e-01,2.842070355383322644e-01
2.332582442616080609e+00,-5.234175251354599157e-01,2.620220126556143114e-01
7.831897820089626094e-01,6.933858651837833120e-01,3.692642271254391595e-01
1.949333745727262812e+00,6.218550146577558335e-01,2.869872884679923186e-01
2.346802306848190245e+00,-5.798679315240701237e-01,2.636269900852208359e-01
8.473917420713596993e-01,6.754425966186557995e-01,3.622547557988223255e-01
1.992852402919232491e+00,6.262781044322230928e-01,2.992065928941118336e-01
2.364768318151219795e+00,-6.196749289488020507e-01,2.769447285118272761e-01
8.778074623397249532e-01,6.646391768552347701e-01,3.450673452930768104e-01
2.024967092903815935e+00,6.261738322729363260e-01,3.054522805177469214e-01
2.373880415055849902e+00,-6.311560360168617656e-01,2.901520866892520756e-01
8.874091114064449615e-01,6.563585461142108501e-01,3.325580323418045325e-01
2.045004558016215057e+00,6.269202444082138115e-01,3.180238594753821979e-01
2.381446265131616613e+00,-6.283269552227460641e-01,3.114325370051088115e-01
8.730305774463448243e-01,6.526755475542860285e-01,3.239105586411207827e-01
2.065901093875473382e+00,6.376056255384411342e-01,3.205583092008342239e-01
2.376780503113085086e+00,-6.057327431440679977e-01,3.197253182102656188e-01
8.445478869650520082e-01,6.514794964128566290e-01,3.175817883141482945e-01
2.077440347246669372e+00,6.362923880965997148e-01,3.137866713154985332e-01
2.383673815758442061e+00,-5.961074710023235301e-01,3.223101715474135931e-01
8.256852100457938715e-01,6.402853442902404213e-01,3.111159425660940947e-01
2.095583765568411305e+00,6.312865925301859304e-01,3.094379093666681513e-01
2.373628011843513796e+00,-5.862737921659305629e-01,3.319569398065977950e-01
7.955428347519123422e-01,6.500537026427481990e-01,2.978028855250982043e-01
2.117053780826139597e+00,6.282878829893560058e-01,3.084222999143487187e-01
2.374281807105349529e+00,-5.889026350032044999e-01,3.220599465406406292e-01
7.894045555720110574e-01,6.488455009684721553e-01,3.057918959269774750e-01
2.144960954436253786e+00,6.265011839181786613e-01,3.098481693254353520e-01
2.373442813685735508e+00,-5.922443168469383457e-01,3.241115615826788976e-01
7.864189026114080106e-01,6.524323567432090965e-01,3.035182641558287209e-01
2.181383778183374922e+00,6.278797398871011071e-01,3.090514038136719654e-01
2.374617589370148441e+00,-6.034310000688173359e-01,3.167686496593762890e-01
8.026508190184075131e-01,6.507511035121315013e-01,3.084786576699937721e-01
2.210319526020168901e+00,6.233287696776710352e-01,3.066776772991409161e-01
2.371503987621162768e+00,-6.089449979918167832e-01,3.142889092652711991e-01
8.082218348254419649e-01,6.576455841397086388e-01,3.078695630292074270e-01
2.244552553358181601e+00,6.243040477424960377e-01,3.034920332684029609e-01
2.372517448899762904e+00,-6.150080365689946094e-01,3.118910325266895933e-01
8.287229183909664565e-01,6.486056014921134372e-01,3.098857203077121647e-01
2.274452820800991759e+00,6.115658472685504554e-01,3.276366983850348968e-01
2.379180003923769160e+00,-6.278423672363370178e-01,3.283402131151607617e-01
8.480598970084829435e-01,6.488775501919822331e-01,2.871884131356988168e-01
2.310328195381459171e+00,5.998356535317437288e-01,3.547012511699039194e-01
2.378070637359528838e+00,-6.408877517078973574e-01,3.423160484910255930e-01
8.752859123170906308e-01,6.567154626082489788e-01,2.646438631507950223e-01
2.343469659831831198e+00,5.708117929936846746e-01,3.564469746150193408e-01
2.367574485899343717e+00,-6.651870836326074787e-01,3.397816111686646767e-01
9.209601744926519951e-01,6.673030790540703805e-01,2.704923596459727908e-01
2.381737572507982570e+00,5.194066756798099149e-01,3.470836648247366818e-01
2.352228872661871861e+00,-7.196743307387898358e-01,3.271714533437837247e-01
9.936032402378388584e-01,6.867701940739077138e-01,2.826047668528362533e-01
2.410830008166923388e+00,4.554296497785768061e-01,3.280635594525144749e-01
2.330545944428825234e+00,-7.940727738628378107e-01,3.180554415511270272e-01
1.101669803740811915e+00,6.900395462603939878e-01,2.934983222947364911e-01
2.311531801427686439e+00,-9.313077875187655286e-01,3.028299439459536946e-01
1.194887421748042744e+00,6.770669146004465455e-01,3.032132360005899696e-01
2.394657129364159420e+00,2.694666631896718290e-01,2.959370536561404252e-01
2.317967467176961449e+00,-1.067850830072262225e+00,3.132753906361097074e-01
1.284730000603375277e+00,6.677811196274847649e-01,2.932236363474519658e-01
2.376864364971002175e+00,2.080147068388292220e-01,3.040342287492451834e-01
2.345918494169787039e+00,-1.244101301902825085e+00,3.112071107754604826e-01
1.343768173856835224e+00,6.625415776729787209e-01,3.000866224977477015e-01
2.359144508532068141e+00,1.610460894433629608e-01,3.095906817329162619e-01
2.452078530952098934e+00,-1.571912658871681856e+00,3.167491812395148432e-01
1.391735716771243192e+00,6.411293795082718683e-01,3.014503976891136916e-01
2.358407727606340210e+00,1.264550332044933056e-01,3.163991892439593778e-01
2.422901973716095725e+00,-1.636674426502954471e+00,3.163761575724617914e-01
1.424807208897704625e+00,6.434065389331171669e-01,3.037812578812139064e-01
2.367698689961468261e+00,9.912477354253221296e-02,3.158059430915388099e-01
2.373522084246230346e+00,-1.665115215043959651e+00,3.302403031861091409e-01
1.451824678960350390e+00,6.467064451627131394e-01,2.974454180888800869e-01
2.369853344278578966e+00,6.952023161641748827e-02,3.225628136858065820e-01
2.335168294047207382e+00,-1.718635092647183837e+00,3.122437246668438582e-01
1.490895603021060944e+00,6.419211339785051429e-01,3.070548783445030683e-01
2.370597982644832680e+00,4.228275701627562388e-02,3.288305396441145723e-01
2.291052657271789972e+00,-1.759867709697933380e+00,2.894447994193138363e-01
1.525352573137865431e+00,6.397993033953528474e-01,3.151859615773649481e-01
2.368513575024678186e+00,1.305707705590075651e-02,3.157645251483118254e-01
2.206603255582671785e+00,-1.767554733457272320e+00,2.940244994080267182e-01
1.562931361387270179e+00,6.481015338822373462e-01,3.110917395555193310e-01
2.356465616346356651e+00,-2.957448228949512148e-02,3.096454447417955058e-01
2.100419454522380214e+00,-1.794890371604198176e+00,2.822561412046596385e-01
1.604047016486496835e+00,6.438660014391498487e-01,3.169369096328265578e-01
2.356117293179043060e+00,-6.629313904928886558e-02,3.035412630616738938e-01
1.993315931238885064e+00,-1.794888096306529235e+00,3.249105288236598943e-01
1.649982228180756350e+00,6.358081854453858650e-01,2.955412553936181408e-01
2.355508454336951552e+00,-1.049255322315703065e-01,3.018947124128524284e-01
1.885340538919560327e+00,-1.783388652746371816e+00,3.402702825555911637e-01
1.695733529567872155e+00,6.335864416473364624e-01,2.863668959714921192e-01
2.351558205838273352e+00,-1.421096094215268113e-01,3.021550900104969517e-01
1.793198274834541639e+00,-1.781399535442306226e+00,3.326136831542175210e-01
1.740593920930091576e+00,6.286099172150474423e-01,2.878005148607689079e-01
2.356125778252859071e+00,-1.640346032595819958e-01,2.887159028716319020e-01
1.743614900416765590e+00,-1.796207137056734737e+00,2.892103223706632975e-01
1.771215588032709620e+00,6.245677227839887546e-01,3.073288213772974453e-01
2.358207523384605153e+00,-1.671562188050288167e-01,2.571091086298524786e-01
1.744839967159167893e+00,-1.785333277075719094e+00,3.052469217963207915e-01
1.771424477231495542e+00,6.295034466605875512e-01,2.961991862390053742e-01
2.354533855485495764e+00,-1.665216109467937966e-01,2.612354190098818418e-01
1.783373524419551659e+00,-1.793194471947826552e+00,2.840669651545301155e-01
1.752306056492640263e+00,6.305372492492853365e-01,3.023796956853586071e-01
2.359057532634536880e+00,-1.613255139749368017e-01,2.665940305159726353e-01
1.854230629956691079e+00,-1.794957326797000707e+00,2.867161195822371944e-01
1.716193127752095426e+00,6.170662479647339715e-01,2.987129015982373792e-01
2.349928305037032761e+00,-1.541042759036207466e-01,2.850339101806625419e-01
1.948269252221500158e+00,-1.802506768199487963e+00,2.868307641262830554e-01
1.663430906410060972e+00,6.127421107562335267e-01,2.948288550567547128e-01
2.342082116121761537e+00,-1.372332753347968171e-01,2.886888382191397651e-01
2.066246264391037979e+00,-1.784143023731380229e+00,3.156677843862807364e-01
1.592150756437351156e+00,6.059905919287702503e-01,2.774088164248630362e-01
2.342628851367612786e+00,-1.190062558902286738e-01,2.941605321818609453e-01
2.174277078613802594e+00,-1.774911574464370423e+00,3.321639074072185172e-01
1.521177634367664400e+00,6.084144988050799174e-01,2.689029842444358720e-01
2.346875935630268639e+00,-1.048622599246351039e-01,2.983797107301083273e-01
2.264873459387530374e+00,-1.766432748969237743e+00,3.507352627388332089e-01
1.464325392137884263e+00,6.057217449799335851e-01,2.668851055558854046e-01
2.354067463626309475e+00,-1.022127551298609160e-01,2.983146238303567843e-01
2.324526106952379489e+00,-1.748712742968962397e+00,3.325797415406833712e-01
1.421054307119810955e+00,6.171762529700711708e-01,2.836209241336912212e-01
2.355832457201472607e+00,-1.110946534078771086e-01,3.080075285494214832e-01
2.369499247141339637e+00,-1.738038587520848388e+00,3.238711380298350817e-01
1.390582069934066300e+00,6.207542722964356496e-01,2.967896933943979243e-01
2.358124954765604908e+00,-1.163470452121365128e-01,3.160168306190440646e-01
1.364821773872484378e+00,6.146072974914017495e-01,3.091219259462387181e-01
2.358824154475867019e+00,-1.212874078609497697e-01,3.213384237436011093e-01
2.439077807603576620e+00,-1.672594291628653140e+00,3.154815018050326492e-01
1.336833214554011828e+00,6.113383650516283074e-01,3.175973567980413526e-01
2.360223756623782698e+00,-1.257224149688342396e-01,3.238848667591520125e-01
2.460825136507431843e+00,-1.608809776411871839e+00,3.078773468565138560e-01
1.302581980067289535e+00,6.065996844001337873e-01,3.287030882414281319e-01
2.356070008465827925e+00,-1.257935180094058580e-01,3.199565298676715908e-01
2.471711893446862707e+00,-1.522596141653248969e+00,3.090760418405044674e-01
1.255548727567277645e+00,6.042054298897485687e-01,3.218129661152610010e-01
2.349495577541008018e+00,-1.306192465178768192e-01,3.089004784762663935e-01
1.200900269680916121e+00,6.029973653496105701e-01,3.110183910924139150e-01
2.350174325429827071e+00,-1.318430503296351697e-01,3.073999791496552225e-01
1.138477773338989696e+00,6.172659755475209398e-01,3.070352867382170614e-01
2.356128759158944153e+00,-1.373050321970044063e-01,3.032670371698771294e-01
2.395675933366795629e+00,-1.206274699348397483e+00,3.137490084736417328e-01
1.102795102072434696e+00,6.045167685526728896e-01,3.028671038477249722e-01
2.361331768497285211e+00,-1.489154181266862942e-01,3.138772780041626520e-01
2.388353972623674437e+00,-1.175526947453950255e+00,3.207013776874889088e-01
1.068923964723530684e+00,6.119187604880311770e-01,2.829350512522131322e-01
2.370528112118408970e+00,-1.751491296138599219e-01,3.424030551656205290e-01
2.381111055466885951e+00,-1.176798813760949969e+00,3.406967263234588761e-01
1.074929073229701881e+00,6.221651273322181819e-01,2.499092386091477658e-01
2.376928028490274070e+00,-2.046355567121744268e-01,3.368149314767210356e-01
2.371047921969807515e+00,-1.196937253457204697e+00,3.425391767755819328e-01
2.376883943792694520e+00,-2.347857053825457285e-01,3.294757307585352013e-01
2.370077070629043714e+00,-1.234335225528177649e+00,3.260959002345389379e-01
1.154946535395157348e+00,6.347762207870968343e-01,2.733684539145104231e-01
2.369083683106367744e+00,-2.571390578196101062e-01,3.167740935211480480e-01
2.365368687762430699e+00,-1.262431677488862647e+00,3.143353134725008768e-01
1.194706768512063810e+00,6.307329472262455106e-01,2.907901537926233515e-01
2.362586419709082897e+00,-2.726456014140478668e-01,3.085197100414579507e-01
2.373114904869789932e+00,-1.290991154959894249e+00,3.097381408457819396e-01
1.217374498868425192e+00,6.300487297407859622e-01,2.889084667004962470e-01
2.372159653210364372e+00,-2.766338157912076601e-01,3.010766768398538407e-01
2.380611649511324757e+00,-1.311557669377797497e+00,2.999899220325323301e-01
1.231546375703336693e+00,6.391563798534818375e-01,2.922636900738599941e-01
2.369535840502316137e+00,-2.855091293687210818e-01,3.015786151002348703e-01
2.392208842928152723e+00,-1.338381862780235076e+00,2.910932825082009900e-01
1.243600492574722161e+00,6.403975722591384034e-01,2.997422687858715684e-01
2.365910551350479007e+00,-2.945894323472879051e-01,2.974792545714085024e-01
1.251197850238251696e+00,6.419495775470003274e-01,2.980054915030059259e-01
2.366409116364419418e+00,-3.037629530945750167e-01,2.912241417445196601e-01
2.395315784666992798e+00,-1.374723691396586567e+00,2.954076263274276748e-01
1.265338764640131730e+00,6.284936194823789180e-01,2.789049112156516408e-01
2.364662970943938181e+00,-3.107976670603792568e-01,2.888102009986186491e-01
2.398672659110817396e+00,-1.393972671841091415e+00,2.933102153425032332e-01
1.261939039604970336e+00,6.387349985962587073e-01,2.799983848787448992e-01
2.360914182950704987e+00,-3.163608312824691682e-01,2.872419139358129980e-01
2.395910280899606448e+00,-1.397214498583865039e+00,2.954652350090831159e-01
1.263754461613604052e+00,6.323189718159361039e-01,2.815694304703055262e-01
2.363461164279116566e+00,-3.275063443382540962e-01,2.964256751614295915e-01
2.402593046991704284e+00,-1.425155351527773062e+00,3.012581456716267314e-01
1.277241364914298405e+00,6.343542792511518424e-01,2.809438065386320460e-01
2.374785569630639248e+00,-3.402165604087322714e-01,3.024134759030144282e-01
2.408440056429166809e+00,-1.480666365992095113e+00,2.952989510982331200e-01
1.309956254045919977e+00,6.385557383278372967e-01,2.953909480597952109e-01
2.372894276152156756e+00,-3.587825355710133612e-01,3.036427754968015202e-01
2.417026401337269537e+00,-1.560550666821132193e+00,3.049520647094514092e-01
1.348438569016033206e+00,6.363168156992040636e-01,2.930227369932551507e-01
2.373667460755276792e+00,-3.768559474225735562e-01,3.019806192551799939e-01
2.410284351751564635e+00,-1.633938215591552501e+00,3.048744659859502493e-01
1.392583790018735668e+00,6.352910740068318241e-01,2.975945018722506719e-01
2.375717609859260726e+00,-3.963090054737103962e-01,2.994955936972353849e-01
2.386835636272962358e+00,-1.698366384262672835e+00,3.060508839181114715e-01
1.448669934522416769e+00,6.318658017230913693e-01,3.033909111904917189e-01
2.384547913022667665e+00,-4.315566727209303455e-01,3.045717699277595281e-01
2.348530269826054617e+00,-1.748277642632686257e+00,3.210222037580990340e-01
1.517055565386973726e+00,6.272256981061461456e-01,2.906463248968951252e-01
2.388931297592051806e+00,-4.613357139149411590e-01,3.135486466475239653e-01
2.295028787223036382e+00,-1.788381449787646238e+00,3.260759547569412331e-01
1.590616343176078251e+00,6.320041773382605310e-01,2.948105637610891061e-01
2.394357307495735832e+00,-4.956243516122851300e-01,3.137406003151913536e-01
2.223913599078299441e+00,-1.807912936202971999e+00,3.172920808352747146e-01
1.679643738530100405e+00,6.146241310634745769e-01,2.979665376623143458e-01
2.395127975529840025e+00,-5.268327048651131328e-01,3.150020667754333537e-01
2.148315419642487178e+00,-1.807387444642550189e+00,3.025072402502910762e-01
1.768816455584892422e+00,6.160469383930704534e-01,3.149702816116415893e-01
2.393448846488116288e+00,-5.552974139198493253e-01,3.156552091716527397e-01
2.080104062663967301e+00,-1.807920143183416206e+00,2.978691308380120306e-01
1.853584979932999310e+00,6.062929802436889393e-01,3.276869079359784886e-01
2.393716939417423362e+00,-5.740552017056493872e-01,3.155689632319289561e-01
2.020402378532119680e+00,-1.794566197669616558e+00,2.995956303906618379e-01
1.926075388371260688e+00,6.033828221860868535e-01,3.303025856331791577e-01
2.395768132360351466e+00,-5.954377863692233985e-01,3.140097004855191276e-01
1.973054998738435817e+00,-1.795742775460622553e+00,3.100676419068447154e-01
1.988461945761712979e+00,6.011678641704933934e-01,3.238883367727892759e-01
2.397693455957427222e+00,-6.153695166687808138e-01,3.008911967533133835e-01
1.930054210618375121e+00,-1.799445316362303204e+00,2.838607299697302189e-01
2.038431092632779773e+00,5.971759544034358491e-01,3.506509684634503410e-01
2.397615501691577222e+00,-6.337683628378902867e-01,2.858839714991091574e-01
1.890265277865550209e+00,-1.802083949884625058e+00,2.683785595552847791e-01
2.077448238721498530e+00,5.925743336701829733e-01,3.673242222572951632e-01
2.391137225019953405e+00,-6.623220829539278043e-01,2.886065706848497392e-01
1.853191482307946725e+00,-1.814072900718368242e+00,2.692563335553052051e-01
2.104166247171435522e+00,5.988446980434893874e-01,3.693779045928542448e-01
2.386190446638846829e+00,-6.969375576188482357e-01,2.960871424507300342e-01
1.812752717714062989e+00,-1.824109856549928521e+00,2.714136836739459713e-01
2.120827611402555934e+00,5.805651959788364902e-01,3.614345236200665057e-01
2.377913930230485029e+00,-7.333608211786428743e-01,3.077131095016197859e-01
1.775208002749816938e+00,-1.821409909604447153e+00,2.747169558554113933e-01
2.131097346121919145e+00,5.841677075328433055e-01,3.523578162463768537e-01
2.373078642380346714e+00,-7.602196191189356522e-01,3.133820307991059262e-01
1.759775890966846390e+00,-1.822895480015416680e+00,2.961846537737435336e-01
2.110671470448766129e+00,5.896011544585098019e-01,3.201905062273401326e-01
2.375148227873403073e+00,-7.736227469513077271e-01,3.182281827220401205e-01
1.766309061799267610e+00,-1.825701963535097949e+00,3.030561068393770041e-01
2.064329500868289813e+00,5.788970005194566948e-01,3.071353181442610381e-01
2.368317615740791027e+00,-7.808833027870454302e-01,3.144964096733752212e-01
1.774968096138900941e+00,-1.825707362423061975e+00,3.196956398009303535e-01
2.013264323205931738e+00,5.893130382338125361e-01,2.847618083945888112e-01
2.373387075889583642e+00,-7.863409315096305807e-01,3.062497598782713548e-01
1.786337907530041846e+00,-1.823211570401985560e+00,3.236150163212275777e-01
1.963066407294526972e+00,5.967976750852661549e-01,2.721243460282737892e-01
2.374043174875676065e+00,-7.918469519793219780e-01,2.964060719625610241e-01
1.790627170557433923e+00,-1.820331256439842171e+00,3.424690873186718720e-01
1.923213036513363949e+00,5.879257693527393247e-01,2.418953041076002952e-01
2.376756773916689713e+00,-8.081787246812232040e-01,2.900890763777482229e-01
1.774344286620296085e+00,-1.817365539847536793e+00,3.486225475190131151e-01
1.913911535423170163e+00,5.886157384302357354e-01,2.288558090710922088e-01
2.384401345186291099e+00,-8.312595297931965055e-01,2.883754373263153759e-01
1.757206372025276631e+00,-1.823643975665037553e+00,3.365374268324912155e-01
1.922421176661748277e+00,5.880834718657330651e-01,2.480174451580321460e-01
2.383924123616909529e+00,-8.543379159802041434e-01,2.886561279644225264e-01
1.743719996507934189e+00,-1.820647065870792503e+00,3.141571567743187132e-01
1.930106451449578042e+00,5.938385730427346854e-01,2.741173154331977835e-01
2.389331023027451817e+00,-8.811687558439508239e-01,2.894099389652037280e-01
1.731210677793986630e+00,-1.825551115421411907e+00,3.037127396941539659e-01
1.946093267804903881e+00,5.928580428950094294e-01,2.862023004803541659e-01
2.387379238787680880e+00,-9.079190479124179536e-01,2.983676396965018185e-01
1.719749326502626685e+00,-1.826685524534123362e+00,2.945647909763815520e-01
1.958424580864284392e+00,5.875231495242694280e-01,3.048895697446925013e-01
2.389199658900941436e+00,-9.278036421364460606e-01,3.018291546766415645e-01
1.719036058250346111e+00,-1.833572747947992632e+00,2.974616244385187014e-01
1.952998148776223131e+00,5.891510480584536413e-01,3.026720429320419736e-01
2.389552568878135830e+00,-9.382717795475667977e-01,3.043933425662261882e-01
1.730668039580457007e+00,-1.823815100684123447e+00,3.021122369980825950e-01
1.927599329667905925e+00,5.991881697935514950e-01,2.962626011989160646e-01
2.388250070948356729e+00,-9.498167970271090832e-01,3.030540459636454909e-01
1.739002953969338128e+00,-1.827260722013638317e+00,3.102886571257312265e-01
1.901353115238614722e+00,5.901423839668131777e-01,2.832027136881092866e-01
2.393787874968760221e+00,-9.626922444173117155e-01,2.990104303145122988e-01
1.746564504765689474e+00,-1.825019463556360133e+00,3.165226030778995892e-01
1.884206642628599271e+00,5.847147248066344449e-01,2.761272652396246086e-01
2.394713357062459025e+00,-9.824877342592459595e-01,3.174065627120767896e-01
1.744791241434973328e+00,-1.828373991339856008e+00,3.187041375458513071e-01
1.883976087894855711e+00,5.702124909916463924e-01,2.760489468590475171e-01
2.391620739435729170e+00,-1.011122722366640803e+00,3.405849690552039677e-01
1.729080684267807255e+00,-1.832014517594741765e+00,3.068309200347921761e-01
1.914000254366610809e+00,5.788807104727540231e-01,2.962030380327851931e-01
2.398303864759025572e+00,-1.040051036091700576e+00,3.356906453981023941e-01
1.708908591935690113e+00,-1.826104900502930173e+00,2.971227824418701258e-01
1.964841951313244239e+00,5.722274838689358489e-01,3.127397485646138398e-01
2.396333370997046242e+00,-1.073700334065411210e+00,3.301612329857100958e-01
1.674475871498401602e+00,-1.826123945961329875e+00,2.843741313187074793e-01
2.041789626084344444e+00,5.682423389248154599e-01,3.393259237598635902e-01
2.400516432441979653e+00,-1.105060256853829026e+00,3.170148188144255030e-01
1.633055156641496586e+00,-1.817454444333713726e+00,2.846155627802204879e-01
2.138202902605179201e+00,5.771246361769204469e-01,3.439517400134731173e-01
2.398352695644216492e+00,-1.133008183468963370e+00,3.019385007428955769e-01
1.587730459434696151e+00,-1.814561892170686308e+00,2.861545748179726845e-01
2.389189122584526981e+00,-1.163763678022346149e+00,2.955249419425901580e-01
1.529046282582032346e+00,-1.814303280767171955e+00,3.018904782944424880e-01
2.385436980510251548e+00,-1.197395140273411762e+00,2.975523210331950663e-01
1.470061790004323576e+00,-1.810840544056182999e+00,3.148149159722340995e-01
2.382999174075378868e+00,5.001850387633974826e-01,2.843011761339589993e-01
2.382489982233955139e+00,-1.234442470429122363e+00,3.009003067228692707e-01
1.413751719187017475e+00,-1.813088678987318847e+00,3.088213565286722639e-01
2.422855887403821740e+00,4.040049026073802008e-01,2.914769586128810319e-01
2.382860172872749871e+00,-1.273863280381263063e+00,3.047421395034128899e-01
1.355342128824599257e+00,-1.811295908806186628e+00,3.146335023893580551e-01
2.378530018050792005e+00,-1.319561775404286319e+00,3.075716154099358279e-01
1.300224998427921053e+00,-1.803718782176009672e+00,3.090807376600903100e-01
2.375816334046070288e+00,-1.366894865268664105e+00,3.029010438481353207e-01
1.229901336604368733e+00,-1.815876534868106074e+00,2.995426213192192155e-01
2.372270094694360232e+00,-1.408353624190717746e+00,3.092722030161341173e-01
1.162393946210725115e+00,-1.804487177005421383e+00,2.960845699910316653e-01
2.399509822946686910e+00,-1.224561452739949541e-01,3.038251010016698728e-01
2.368722366966276027e+00,-1.456186719194183521e+00,3.082635666202118707e-01
1.092964827519751658e+00,-1.794773713543593274e+00,2.930797659502963892e-01
2.365384430616433775e+00,-1.514196742942425011e+00,3.060837598321617947e-01
1.008135610047090847e+00,-1.791172045104387323e+00,3.092963997773906515e-01
2.356413013470415319e+00,-1.578527307617277220e+00,3.080391740227321762e-01
2.399286591733455154e+00,-3.445505210695503084e-01,3.003484947114679615e-01
2.354154536361908967e+00,-1.660547819999010244e+00,3.099982597875461376e-01
2.397040950166765771e+00,-4.106624030090278987e-01,2.907057766208767657e-01
2.338634978630027117e+00,-1.736404024083894715e+00,3.092800420688994190e-01
2.389418476505813960e+00,-4.705412918592641880e-01,2.943944951090595730e-01
2.304957188249497690e+00,-1.782868180462477081e+00,3.142796135046896366e-01
2.390854953375972425e+00,-5.191766941789434098e-01,2.908830017672819901e-01
2.249811063635342112e+00,-1.805360020715796265e+00,3.074535302687119165e-01
2.374137043856066498e+00,-5.585747564213773275e-01,2.977295711752143137e-01
2.199739302386698014e+00,-1.818493535312240894e+00,3.154071760012419068e-01
2.370309637698478689e+00,-6.038419891228803404e-01,3.066674934313357026e-01
2.137487383876489400e+00,-1.819937044282714744e+00,3.234747240170053328e-01
2.375371655737051668e+00,-6.475484347467111990e-01,3.036499558820083822e-01
2.077583048707596802e+00,-1.823644016634174303e+00,3.181196236452692450e-01
2.374459634401649311e+00,-7.049190511547975824e-01,3.098889201632085699e-01
2.028418112764041048e+00,-1.826831743783782436e+00,3.050296676245447536e-01
2.380970664982453133e+00,-7.507431042707495283e-01,3.040612486688034077e-01
1.987796475309758559e+00,-1.821660647310435088e+00,3.090484749170497314e-01
2.381012742834513585e+00,-7.908667395781580067e-01,3.035815986679853418e-01
1.960851986545534942e+00,-1.817503905536445474e+00,3.098758461613339565e-01
2.377972774127250943e+00,-8.227419796994368539e-01,3.002862960021908667e-01
1.947962306970242308e+00,-1.821902490142669695e+00,3.017808368268790620e-01
1.307048239593898487e+00,6.079921516314199526e-01,3.049727197630983100e-01
2.376991566198578543e+00,-8.410457906505792725e-01,3.016082463630686550e-01
1.943130691034033353e+00,-1.809484018262313976e+00,2.926970633808407274e-01
2.373123855403846960e+00,-8.484518556708515735e-01,3.073960789945104910e-01
1.943169296478462371e+00,-1.806783669923445634e+00,3.002570949634723596e-01
2.378004221860974710e+00,-8.506129698323858790e-01,3.063546317577514611e-01
1.945402589572054808e+00,-1.809477347875771747e+00,2.925724105909865425e-01
2.374119940686679087e+00,-8.561313875342849711e-01,3.082858683208601902e-01
1.946883155054143444e+00,-1.815048076775030994e+00,2.966222637998108813e-01
1.274697391988788286e+00,6.032379226446868969e-01,3.092367373450064516e-01
2.373916503534055700e+00,-8.608750885461828872e-01,3.071307280293990583e-01
1.939115909176465591e+00,-1.812997791810009307e+00,3.080983671283208380e-01
1.289661533183638298e+00,6.176109920587213864e-01,2.834822487515597511e-01
2.376994315217821452e+00,-8.679455832195805964e-01,3.028234679790954287e-01
1.931766477706531759e+00,-1.816369672266167079e+00,3.126141663970685158e-01
1.314305255897097791e+00,6.150849591256566384e-01,2.695907420232143137e-01
2.378220006709159229e+00,-8.767488893980516229e-01,2.956132592621556476e-01
1.927653558872207018e+00,-1.821916508115924316e+00,3.114558068758133125e-01
1.332952468901563936e+00,5.874401262298467596e-01,2.707713857573186833e-01
2.379403924155216288e+00,-8.896537145489029630e-01,2.953098724872290637e-01
1.920696660005503542e+00,-1.824698515854208392e+00,3.025767903586121799e-01
2.380136922708077307e+00,-9.019783205629142708e-01,2.923745254440890950e-01
1.905925265116287903e+00,-1.831582245343898130e+00,2.942681010157647270e-01
2.387498966631195429e+00,-9.233113001534636322e-01,2.908534074562598160e-01
1.891907814834084878e+00,-1.836302216912035101e+00,2.889820008006558916e-01
1.397796843991674809e+00,5.990374294837588209e-01,3.031296220134503394e-01
2.378548801946289704e+00,-9.457623946990678654e-01,2.923546429927099122e-01
1.880768169463701067e+00,-1.838045387226155292e+00,2.848555959900386236e-01
1.425289410536718426e+00,5.833586588569803499e-01,3.101052648701235204e-01
2.379564087355216628e+00,-9.627991372214472765e-01,2.934947016993548208e-01
1.869327017519658796e+00,-1.834736846494378959e+00,2.913507896247626849e-01
1.442175715195213037e+00,5.889091159186088387e-01,2.930868200833690596e-01
2.382356530728137134e+00,-9.776829881671655897e-01,2.919852212670708824e-01
1.869015392011468712e+00,-1.832954825654919517e+00,2.865838605886583679e-01
1.441912879822120797e+00,5.834764867128265919e-01,3.102303548370544117e-01
2.380044488458964658e+00,-9.841544954246598254e-01,3.006288591667384824e-01
1.883224689886703551e+00,-1.832063001771768729e+00,2.800985479745327078e-01
1.412756818584331331e+00,5.913669717572493933e-01,3.202002371329198960e-01
2.384018828654212996e+00,-9.802381447137956672e-01,3.000144580534631067e-01
1.895714334250546251e+00,-1.826175883623526452e+00,2.902037209170162391e-01
1.391092423207877626e+00,5.794669619915584491e-01,2.884075481523053486e-01
2.385858867344182954e+00,-9.723612612867195137e-01,2.931915901037368544e-01
1.910330209529919721e+00,-1.823673164712489747e+00,2.975938806106607215e-01
1.375131474913363627e+00,5.782947089086383219e-01,2.724215037496113823e-01
2.381241823691536030e+00,-9.668215427052361255e-01,2.866600106992693298e-01
1.925587347631072310e+00,-1.824838350514754737e+00,2.974329464040089688e-01
2.390857335375246251e+00,-9.603633288452890771e-01,2.892613239143871362e-01
1.934878026793165562e+00,-1.827962719354770726e+00,3.042214849545589184e-01
1.354204415912536152e+00,5.829856443096599339e-01,2.808517316256110563e-01
2.390754053406590529e+00,-9.663772740319549470e-01,2.889385282039502179e-01
1.942952302147766375e+00,-1.833411147315965550e+00,2.985166735140505900e-01
2.387381166608792959e+00,-9.717955417603113544e-01,2.917688815162708393e-01
1.949276390280625826e+00,-1.839983348086356330e+00,3.021150639341088073e-01
1.345266894642471733e+00,5.787378608819724324e-01,3.051552063200726472e-01
2.390398845756756874e+00,-9.773999482024066099e-01,2.966508604830739304e-01
1.944046270116052355e+00,-1.837112049984747753e+00,3.003318587217304603e-01
2.391109283596096535e+00,-9.900978211262959627e-01,3.042762331289387556e-01
1.936581054963662840e+00,-1.841607294723079047e+00,3.014907916257570930e-01
2.394739692677782639e+00,-1.007161000742893275e+00,3.012783047425524607e-01
1.926134514334024717e+00,-1.841545225412512643e+00,3.011497321027448715e-01
2.395064435924792789e+00,-1.027328673469634079e+00,3.022151799550325535e-01
1.912614267397204415e+00,-1.841974586390032975e+00,2.898194984139947361e-01
2.390927390016421406e+00,-1.044195304202885310e+00,2.792945925610288427e-01
1.903486617865974173e+00,-1.841736742233116786e+00,2.819471833814272688e-01
1.443760305064693661e+00,5.582665226509200274e-01,3.635624139704755065e-01
2.389226138871455074e+00,-1.056420869350118252e+00,2.660381440835897227e-01
1.893203704909905305e+00,-1.845127868925759529e+00,2.793893071784233073e-01
2.382141383835846504e+00,-1.057942946786118998e+00,2.679943748608761278e-01
1.888224012976095434e+00,-1.839768890480146135e+00,2.867164985963048252e-01
1.350879671760881973e+00,5.623338503465009630e-01,3.377800029521438319e-01
2.375886096453819096e+00,-1.047983098943169988e+00,2.824794408518380151e-01
1.889582420818001429e+00,-1.836068771698232904e+00,2.905244030364848018e-01
2.370848253838050201e+00,-1.023960343749956703e+00,2.908393997005495057e-01
1.890495662691178413e+00,-1.828895952847628292e+00,2.998808266256841604e-01
2.364687499103743207e+00,-9.984326736232297383e-01,2.981943689361761796e-01
1.894580042869828507e+00,-1.832918808234663022e+00,3.062344310488426813e-01
2.360308309759902912e+00,-9.714103845078488897e-01,2.969383422311047127e-01
1.907156911226125295e+00,-1.828701135823066704e+00,3.017709043382346690e-01
2.358286721355089099e+00,-9.353688887873776725e-01,2.996754761786831200e-01
1.921952696049014753e+00,-1.819644832429693881e+00,2.963334493556477045e-01
2.357397422431984246e+00,-8.934589547082563143e-01,2.875807255149508967e-01
1.945183617218905869e+00,-1.813047569356525557e+00,2.924378558816043139e-01
2.350992420237369096e+00,-8.435463753590143332e-01,2.820143137714484216e-01
1.974833038156470932e+00,-1.807758350690265026e+00,2.913157829905174134e-01
2.345247170943515869e+00,-7.862212493025236837e-01,2.815525499218607952e-01
2.005449437030368376e+00,-1.804003465529073980e+00,2.949887842576225383e-01
2.341024945862234752e+00,-7.220963576369476833e-01,2.838493154763267468e-01
2.032829739249624179e+00,-1.798883219502817710e+00,2.952055135882666326e-01
2.343757808066986748e+00,-6.513423871457961756e-01,2.809305671834645413e-01
2.061020238929236914e+00,-1.801103999601922911e+00,2.967053087118848298e-01
2.329842330907171188e+00,-5.969694713687296872e-01,2.828589813565141609e-01
2.080384351244957575e+00,-1.800673344691574140e+00,3.052289176850016550e-01
9.087886576604272681e-01,-1.886587424176452643e+00,3.166876139655493971e-01
2.330646117368952552e+00,-5.407203367273898387e-01,2.897219470426393717e-01
2.099263057316454351e+00,-1.809475819044041645e+00,3.111862180535943656e-01
9.643007007650731266e-01,-1.879672760328471526e+00,3.200653309397249457e-01
2.340335667967836208e+00,-4.771315050923158330e-01,2.949496705686045495e-01
2.111142781033485960e+00,-1.822423163392802969e+00,3.310720326040001993e-01
9.994137845449632129e-01,-1.873542794841108527e+00,3.114908771934462584e-01
2.346252819101358966e+00,-4.344925569964519507e-01,3.116580729877631573e-01
2.106703903063027461e+00,-1.841416133711047065e+00,3.539609316128325966e-01
1.014807335805296917e+00,-1.865751658417386327e+00,2.801390605443534465e-01
2.347732307162848198e+00,-4.398062051864165545e-01,3.701756372306927445e-01
2.078702747862517519e+00,-1.848161638680066776e+00,3.504404728574418981e-01
1.008906557238159474e+00,-1.863547535778534936e+00,2.838417889658844118e-01
2.351173124332706976e+00,-4.722457847728822600e-01,3.664547450249927563e-01
2.054472769008024002e+00,-1.853567053728642167e+00,3.395498238986907613e-01
1.002988122559160811e+00,-1.857927985124178338e+00,2.844678798546310672e-01
2.371626742654278974e+00,-5.028344554632584451e-01,3.724102101355604710e-01
2.026056982507961735e+00,-1.851001866513537042e+00,3.203014008068538754e-01
9.868866005183135615e-01,-1.851916921111555148e+00,2.977386024305239132e-01
2.380549109582074774e+00,-5.525015097192857993e-01,3.431302257366073971e-01
2.004981694786859947e+00,-1.845562744748697082e+00,3.117440779583061095e-01
9.660057522723309864e-01,-1.854680841852107243e+00,3.068603108406928737e-01
2.378539150975702121e+00,-6.005267452261152661e-01,3.198179133868309654e-01
1.990530948910787634e+00,-1.841011440421609802e+00,2.995560251631703697e-01
9.608300362213424428e-01,-1.851290538687532239e+00,3.106632545820473545e-01
2.377379764119215810e+00,-6.351354115523564214e-01,3.041382921081288160e-01
1.978128636579274069e+00,-1.835147447646721552e+00,2.906939271590058271e-01
9.506147912559085311e-01,-1.860702418488089815e+00,3.053650257575388771e-01
2.370920831716103461e+00,-6.628599098234023712e-01,2.971142156050789462e-01
1.979834822758587354e+00,-1.840747265770354080e+00,2.880999156613561207e-01
9.549955559796060589e-01,-1.870764689099511102e+00,2.902050438281371658e-01
2.366685100575404377e+00,-6.736771252342000915e-01,3.079531174679500105e-01
1.976830415436871435e+00,-1.839169238406389573e+00,2.900420084651139652e-01
9.732178978724335128e-01,-1.873606186300417864e+00,2.899361419709101662e-01
2.367163667827306028e+00,-6.696511781666704133e-01,3.092112247096468480e-01
1.968652363926534088e+00,-1.840057686573156603e+00,2.954493793704252580e-01
9.795130998445944481e-01,-1.872477481489099205e+00,2.889322366646709939e-01
2.362065245334932229e+00,-6.752946008008743339e-01,3.122499378186764374e-01
1.957722125635014132e+00,-1.849757147426569492e+00,2.989267626638232311e-01
9.749173688008487826e-01,-1.868849635987839930e+00,2.950169257522687882e-01
2.369990371485662273e+00,-6.860786970941294971e-01,3.030930193913816129e-01
1.940474228507472976e+00,-1.856548258693108355e+00,3.004304191446550143e-01
9.571415621357168835e-01,-1.868800903627678034e+00,2.943690712483169047e-01
2.367560726206824562e+00,-7.154368374935173858e-01,3.067429377190019069e-01
1.917766693256039101e+00,-1.866182980309740280e+00,3.007484665463036611e-01
9.274896820179232559e-01,-1.874291749501957982e+00,2.855929766006562454e-01
2.371688205005820560e+00,-7.556571949844193004e-01,3.151963486877091825e-01
1.893805070210213382e+00,-1.870746256899865845e+00,2.993973123891789379e-01
8.957702923149201135e-01,-1.868874138514816430e+00,2.858667069243569503e-01
2.371645656375770628e+00,-8.025697432119217600e-01,3.146390254958391086e-01
1.868932527600070781e+00,-1.881509678632093951e+00,3.047594562119926298e-01
8.506688832986378790e-01,-1.866038951957438075e+00,2.908739490148005702e-01
2.378803754052110531e+00,-8.595946778971680358e-01,3.186901313294732141e-01
1.841932574147588930e+00,-1.884656096905108935e+00,3.008821930124095378e-01
7.965137115004352619e-01,-1.854150897407649712e+00,2.905946070394109237e-01
2.386364235883956297e+00,-9.125309047982497201e-01,3.194234057607663324e-01
1.811578689154155875e+00,-1.882432644330383820e+00,3.006969632598504583e-01
6.919038445696193973e-01,-1.861152620663202306e+00,2.944197825775399235e-01
2.386674087283215506e+00,-9.654823568581831772e-01,3.148551183454291191e-01
1.790137093634845522e+00,-1.878836417458257912e+00,3.025730837311254029e-01
6.167944161402829639e-01,-1.841898800635306976e+00,3.078241439413381686e-01
2.393859188074626942e+00,-1.022219764291767197e+00,3.038149384261618069e-01
1.759530251335335693e+00,-1.882589726859124513e+00,3.033158807347989261e-01
4.846439144004772714e-01,-1.826122393815685863e+00,3.231468715264866343e-01
1.733678833047544998e+00,-1.873246241897670528e+00,3.027498861403444819e-01
2.404270682687099203e+00,-1.118509955927566635e+00,2.907203459556617076e-01
1.697281823980420379e+00,-1.872112304856724085e+00,3.067824972111138360e-01
2.400558076333977997e+00,-1.171650787634274327e+00,2.924236753249317422e-01
1.647760030712644541e+00,-1.876322675454578537e+00,3.048072076062323665e-01
2.387425259865950444e+00,-1.226084000529596763e+00,2.998057664747811324e-01
1.614260069030302391e+00,-1.876937249541363872e+00,2.989555276239054260e-01
2.381006232392777644e+00,-1.272643093832962924e+00,3.076096795520268934e-01
1.584812822206266070e+00,-1.873920861514867697e+00,2.961086784057808674e-01
2.382899122385031987e+00,-1.314764551002691961e+00,3.154601093962851599e-01
1.563501413227378567e+00,-1.870443361002997351e+00,2.952982386328436015e-01
2.387421653547820100e+00,-1.353388405080456547e+00,3.078922906513576474e-01
1.546995613597512254e+00,-1.860747981698190445e+00,2.832221802717602155e-01
2.389863604053213297e+00,-1.377563859816182124e+00,2.765397386311386208e-01
1.535298144655890651e+00,-1.860715676716080624e+00,2.775028030249373501e-01
1.607120482467172540e+00,5.617886654238981592e-01,3.232222092357870391e-01
1.517138149521846335e+00,-1.852045991731114727e+00,2.770574130032165128e-01
2.395662016199354483e+00,-1.405393962379488881e+00,2.222324154740425994e-01
1.498558756009349624e+00,-1.854477369824135469e+00,2.814690582168380417e-01
1.626402174834539638e+00,5.700306506700398845e-01,3.059827038555789080e-01
2.392448979211756033e+00,-1.400470244721607749e+00,2.397821391739317631e-01
1.475984537507347705e+00,-1.849594635336741177e+00,2.833608701620117243e-01
1.598539229790493454e+00,5.821240053681420168e-01,3.141796931080146349e-01
2.381101141365246754e+00,-1.389375348277356537e+00,2.711895415864328251e-01
1.456003021884924475e+00,-1.841098177778784262e+00,2.953012628320373922e-01
1.575242671160887564e+00,5.768877731685351229e-01,2.761480108384052334e-01
2.382026159427899525e+00,-1.376147617875074003e+00,2.928262718642954399e-01
1.433622716865424529e+00,-1.843018509296351137e+00,3.105672118368920098e-01
1.555147305667800239e+00,5.823124797760836913e-01,2.216775737380833333e-01
2.376660610711109012e+00,-1.365687987660170855e+00,2.989437921323607195e-01
1.410163810219711156e+00,-1.856794951633177204e+00,3.147599588271151605e-01
1.531487277296162297e+00,6.056407485677695046e-01,2.265554310951106709e-01
2.370837420175794907e+00,-1.357421201975652858e+00,3.062116673644472709e-01
1.392007429887669900e+00,-1.856563280238426650e+00,3.086113672065202151e-01
2.374532688842417194e+00,-1.350631056587690004e+00,3.021537679833151691e-01
1.378302984896240702e+00,-1.862331646585511979e+00,3.051475171444285039e-01
2.371357210022946749e+00,-1.341708560593933175e+00,2.974074725319623136e-01
1.360518641389848460e+00,-1.858939573338626028e+00,3.034184459190585881e-01
1.450945705189413015e+00,5.792743243281344157e-01,2.802681682262611051e-01
2.371479231371892205e+00,-1.339057706947107906e+00,3.000227868622584171e-01
1.336061944607616514e+00,-1.862961526813696533e+00,3.035066887714041317e-01
1.448606106765677692e+00,5.784061181748103575e-01,2.895842763580404045e-01
2.367837511882675550e+00,-1.347984400940951843e+00,2.920725905526124766e-01
1.312239899201807614e+00,-1.866634911831163368e+00,3.024695546544787783e-01
1.447855110457768602e+00,5.786029095384521703e-01,2.978315141656757703e-01
2.376913319217595966e+00,-1.359829101071551749e+00,2.942004016037099712e-01
1.288085826008924295e+00,-1.864920024261135012e+00,3.011477375145923951e-01
2.360622910344171377e+00,-1.368695417742438636e+00,2.914347250564481295e-01
1.264055910625139445e+00,-1.864760818174056034e+00,2.985864087535672340e-01
1.442162718242612440e+00,5.656740949970040511e-01,3.138539533987774743e-01
2.366534995387381546e+00,-1.377983890716378612e+00,2.922546983470479809e-01
1.245634626776908949e+00,-1.867241485246665444e+00,3.032053211374618473e-01
1.433353675549380757e+00,5.594915475841824026e-01,3.123893341793034240e-01
2.369363371256801187e+00,-1.382453413885670113e+00,3.014067951488468289e-01
1.228580172344478916e+00,-1.866451233245713492e+00,3.064425309635682160e-01
1.415301064683194276e+00,5.573640041041583171e-01,3.104429752912081786e-01
2.362199254789265623e+00,-1.381081824715101547e+00,3.026592546474799472e-01
1.212283100660737079e+00,-1.864553480757147330e+00,3.052898172074572369e-01
2.366168603566526585e+00,-1.379224897748201561e+00,2.988545473310606493e-01
1.196444735258778369e+00,-1.863514404642738320e+00,3.092589853512143216e-01
2.359332557650366979e+00,-1.375569099485209446e+00,2.965589181043354894e-01
1.178718067366840261e+00,-1.865169417436082000e+00,3.135202956808373354e-01
1.355388527359015383e+00,5.703841783093328566e-01,2.983469368656372911e-01
2.360325133991667546e+00,-1.373454077083585911e+00,2.978434285097451006e-01
1.154479243391595800e+00,-1.863687492418810265e+00,3.095931655895171053e-01
2.351350392051936744e+00,-1.373699089829659714e+00,2.976007166065514631e-01
1.132902317380807933e+00,-1.862900005731477293e+00,3.077139081730847492e-01
1.324571515854883863e+00,5.735304234632254694e-01,2.933722886542196040e-01
2.343682848833146259e+00,-1.377414318799916604e+00,2.969365040058810634e-01
1.108630883266623179e+00,-1.872140265558249084e+00,3.047747825006709710e-01
1.310844668077225883e+00,5.704790709896903067e-01,2.937583423007993355e-01
2.344143024367252082e+00,-1.383444378229522043e+00,2.953897464896974023e-01
1.088706737270209723e+00,-1.868353061401164528e+00,2.990174184346733877e-01
2.357816284199010237e+00,-1.387811116161973279e+00,2.954965151544850510e-01
1.070541006782878224e+00,-1.866821938662116320e+00,2.991683202408478848e-01
2.350246961120798783e+00,-1.383559656853375452e+00,2.932322093017185605e-01
1.054501204389222124e+00,-1.870983621109368666e+00,2.974530316516465489e-01
2.351665933339122994e+00,-1.372805678309465982e+00,2.947321354780902958e-01
1.040725827660278657e+00,-1.868330914765524042e+00,2.975699752875936577e-01
2.349463850576479551e+00,-1.356918441956690646e+00,2.990087348048147686e-01
1.029366130493078790e+00,-1.872667941616192655e+00,2.998884131118694785e-01
2.354163686824460644e+00,-1.339119218189283922e+00,3.030812907975315995e-01
1.014919689368347644e+00,-1.869118881348357242e+00,2.992250081876133838e-01
1.093492694234139417e+00,5.736124780001183865e-01,3.043032915500537006e-01
2.348945468983011153e+00,-1.329736725059027069e+00,3.039270077794342662e-01
9.935868386454776990e-01,-1.876721885053007632e+00,3.009326155301678685e-01
2.343617094169344828e+00,-1.330316085669869919e+00,2.989297249599621176e-01
9.703523851047677340e-01,-1.875995734826897632e+00,3.009004242496034487e-01
1.057617185199700494e+00,5.704413322558141708e-01,3.067767724465070844e-01
2.341363155020329323e+00,-1.338510998131875684e+00,2.948484332199951541e-01
9.448686190520737549e-01,-1.874044958397053096e+00,3.007306931124796301e-01
2.339193012806000560e+00,-1.350486719824898652e+00,2.901829063319721902e-01
9.199219491739047960e-01,-1.873883399348259982e+00,2.983517670002150957e-01
2.338112423104393489e+00,-1.361710977936418931e+00,2.938583943306844470e-01
8.936322683066513228e-01,-1.875392919456178698e+00,2.962759762967309141e-01
8.685470757426293487e-01,-1.871021212977135750e+00,2.990375509938425491e-01
2.340496220422021878e+00,-1.375976044727123204e+00,3.032798227817711800e-01
8.463009771767617817e-01,-1.872377439683587275e+00,3.011517756569054849e-01
2.342534362769933765e+00,-1.376168537947265902e+00,3.045254493264443196e-01
8.204047446390827503e-01,-1.874265693170817704e+00,3.031490095377479266e-01
2.341584481398557127e+00,-1.374780535856364949e+00,3.079224878223136841e-01
7.985238994842414062e-01,-1.877673006175134329e+00,3.051406530338082179e-01
2.334275450123946882e+00,-1.369076774394820895e+00,3.158199660550232712e-01
7.786653378772354639e-01,-1.875318093566426647e+00,3.042670662343909815e-01
7.584235225010961257e-01,-1.876867670993433990e+00,3.041945440230462983e-01
8.663615396493657972e-01,5.637466141949616372e-01,3.036510475299179501e-01
2.321154516207395879e+00,-1.351398693304679322e+00,3.100421757193044248e-01
7.357209304647366332e-01,-1.874912208812560932e+00,3.051279848603073441e-01
7.090693358037284399e-01,-1.877928580500784816e+00,3.033137352578469392e-01
8.213378501386484620e-01,5.574800927153100716e-01,2.983766194146020290e-01
6.839714204074752724e-01,-1.871191732992964374e+00,3.058668973450058837e-01
6.561071668634356202e-01,-1.879719627231647872e+00,3.033301539259245505e-01
7.944693057689390381e-01,5.853970354032169698e-01,2.992364859567549495e-01
6.298548257316423093e-01,-1.877448013616739519e+00,3.000067060566949939e-01
6.030891736786744284e-01,-1.880192785516740406e+00,2.941713073576921467e-01
5.770639640943544535e-01,-1.878029012172335310e+00,2.942468337505516063e-01
7.511853949919292672e-01,5.988439655888331270e-01,3.026717574121325915e-01
5.533309960382551962e-01,-1.873769476883127894e+00,2.956034558375222887e-01
7.186645650967342647e-01,6.017117909371789697e-01,2.998817280532196095e-01
5.336842019450671604e-01,-1.876263179692410965e+00,2.998701692312005784e-01
5.134132561577299247e-01,-1.879662520851380414e+00,3.003310404475897921e-01
4.923713500063356951e-01,-1.881976457402040115e+00,3.009357035345441300e-01
4.708433222990207057e-01,-1.876730957074465023e+00,3.030671059590234750e-01
5.839984904664733412e-01,5.916559022243939037e-01,2.929073442634407831e-01
4.505004508929930096e-01,-1.882839336617061932e+00,3.030206384844686407e-01
5.611479089272649601e-01,5.926483414396976901e-01,2.888116336035110310e-01
4.269051717967400905e-01,-1.885699129283604503e+00,3.020670888598122050e-01
4.037160513186672794e-01,-1.878946723885866588e+00,3.001318259476530304e-01
5.105634950782299564e-01,6.137469276871567736e-01,2.908053491426977888e-01
3.830458717493291365e-01,-1.884764927404375401e+00,3.005430369466496887e-01
3.604649456057630319e-01,-1.881852235496060288e+00,3.013551722224987461e-01
3.413322676344646700e-01,-1.886766753574792066e+00,2.993715728301714618e-01
3.215781020360526932e-01,-1.885236986499213341e+00,2.987351841855029888e-01
3.746464446361249534e-01,6.001961321637867552e-01,2.973338752284562791e-01
3.045859486410293360e-01,-1.884590260730775624e+00,2.998548269269166733e-01
2.862438600112208742e-01,-1.893518518371038128e+00,3.027944977414223082e-01
3.000674104216231597e-01,6.024235734661327335e-01,2.928958286622713736e-01
2.668434733119489088e-01,-1.889955571292785130e+00,3.024032397667782424e-01
2.439353076869384129e-01,-1.891497442927348782e+00,3.023976804255110173e-01
2.175966893832489979e-01,-1.889941041085914319e+00,3.012665807595061862e-01
1.895037963247494794e-01,-1.890553929069762606e+00,2.989413069247361388e-01
1.633333614507802012e-01,-1.896644886361974258e+00,2.974590697011084695e-01
-1.779077288400652490e+00,-1.207035230581285035e+00,2.922255242704921985e-01
1.356260406704730137e-01,-1.893149276166350869e+00,2.957130819474673711e-01
1.091896161766966744e-01,-1.900086861959320750e+00,2.983898793531816196e-01
-1.762072216330479391e+00,-1.187629761280224017e+00,2.994066850481175157e-01
8.152708269382524797e-02,-1.898791586509965157e+00,2.979298918343083469e-01
-1.763470349037786322e+00,-1.178662743012542258e+00,3.009174772843909995e-01
5.593295410133752865e-02,-1.898745642876974227e+00,2.988857021505182954e-01
2.940695436349077818e-02,-1.904723646337462162e+00,2.980149126048561303e-01
-1.783994378941292869e+00,-1.161213325456097900e+00,2.980992412678774017e-01
2.281519256657170425e-03,-1.895832007588205581e+00,2.957620777573232718e-01
1.234150111360444585e-01,5.831501803594050237e-01,3.130244351741006681e-01
-1.774590341161565332e+00,-1.153222642172686996e+00,2.976913395452703837e-01
-2.219943263241384857e-02,-1.904438753146908692e+00,2.950482461490551711e-01
1.070704175511900252e-01,5.931671358182890597e-01,3.110210117165189136e-01
-1.760608987058363883e+00,-1.151582940209408878e+00,2.981053700892365432e-01
-4.646224627470554869e-02,-1.901207653622997373e+00,2.948241160403761718e-01
-1.768533998208259517e+00,-1.151015292405729973e+00,3.013281427747699914e-01
-6.772091674871860700e-02,-1.897342254654174054e+00,2.954344943929533285e-01
-8.690237396228905897e-02,-1.896966380410137099e+00,2.967857710068007582e-01
-1.778411436679298907e+00,-1.166841193748522354e+00,2.919584996693698753e-01
-1.082570625775041290e-01,-1.904772994895111093e+00,2.981593269751497965e-01
-1.761512906035841430e+00,-1.172160411804343161e+00,2.915321731415592699e-01
-1.319323200654288208e-01,-1.899741715953626287e+00,2.979589355994474165e-01
-1.777955329351665670e+00,-1.170494771747640383e+00,2.922890796477302655e-01
-1.536702734287757055e-01,-1.902750620411914007e+00,2.988697033753014987e-01
-1.786885345879889009e+00,-1.169445075283209290e+00,2.957867499215809381e-01
-1.763900244616749269e-01,-1.906619383196615392e+00,2.966603223712969695e-01
-1.796291084279193706e+00,-1.164165345506345428e+00,2.934109655897489954e-01
-2.021719866638875263e-01,-1.904845545441815169e+00,2.967926867529258605e-01
-1.774455416669823205e+00,-1.156640264592136980e+00,2.980863008467798947e-01
-2.259444647557952157e-01,-1.908078802474649116e+00,3.001498046328303082e-01
-1.769502122255010912e+00,-1.154939206260033435e+00,3.036862702723691076e-01
-2.451552634793377761e-01,-1.907908642316502146e+00,3.003221402414723573e-01
-1.782941902269980172e+00,-1.159724995199703290e+00,2.984556612078319016e-01
-2.660637230109327289e-01,-1.902780425058024694e+00,3.015071169588755540e-01
-1.782222525852806605e+00,-1.164165421104295106e+00,3.009067008305161828e-01
-1.782072315871584323e+00,-1.165699939912422156e+00,3.001728574621468915e-01
-1.772384350164149414e+00,-1.164261145080202731e+00,2.987050304468912287e-01
-1.774487776104274772e+00,-1.158112498402882551e+00,3.025355868813981997e-01
-3.402453072110689924e-01,-1.633340327024506600e+00,2.990331280194876151e-01
-1.774589970612437950e+00,-1.155109673380034785e+00,3.030116311042220789e-01
-3.580634992123178928e-01,-1.533754817257766856e+00,2.949901092150911119e-01
-1.781382773033218125e+00,-1.158667932148721214e+00,3.048426920814654717e-01
-3.746975726275160179e-01,-1.472462825243082252e+00,2.911641355618688198e-01
-1.777658271734595008e+00,-1.159144789882779358e+00,3.008122171813380485e-01
-3.973301570636854629e-01,-1.445225244342795756e+00,2.915428235075523955e-01
-1.773102268916447732e+00,-1.156708675950522291e+00,3.063511323690262800e-01
-4.196057790950795674e-01,-1.435971689712479016e+00,2.957493806129563585e-01
-1.775097805995184519e+00,-1.149051322888502868e+00,3.056523151195070231e-01
-4.421578735006022609e-01,-1.435072520893844628e+00,2.978460442194122981e-01
-1.767044123986127646e+00,-1.141073956458927396e+00,2.993518279401106708e-01
-4.697911364200972328e-01,-1.461851696571850212e+00,3.003096202354830213e-01
-1.782819075222742633e+00,-1.127458384878536668e+00,2.926450903441727980e-01
-4.966113943426651023e-01,-1.516740687559693823e+00,3.006432015512686129e-01
-1.778954427164096908e+00,-1.116726261074193483e+00,2.929747742152191692e-01
-5.252843616018152417e-01,-1.659327279823615831e+00,3.035587568978829753e-01
-1.782548174516355832e+00,-1.103125731460147918e+00,2.878252787804414514e-01
-5.583336321640971489e-01,-1.856490765133048004e+00,3.194554866277644067e-01
-1.782596266058614987e+00,-1.088863768776713536e+00,2.926637394915707069e-01
-5.850841566635137658e-01,-1.896959974158010098e+00,3.267504584924601496e-01
-1.788079906643521566e+00,-1.077236912903954735e+00,2.929817099471184738e-01
-6.064853747180699584e-01,-1.902646768742435102e+00,3.281932712125122942e-01
-1.776719137388248271e+00,-1.075491472443082186e+00,2.962080166297167416e-01
-6.251594130489812606e-01,-1.907676605547500515e+00,3.170151688845554427e-01
-5.425528250483996340e-01,6.474325610918281182e-01,2.637019606282672290e-01
-1.792975136455744245e+00,-1.078781691423365663e+00,2.956456227246000434e-01
-6.432797576078744806e-01,-1.906991167847638780e+00,3.062650341872386606e-01
-1.785451004238895800e+00,-1.086760267029899252e+00,2.971484167740606197e-01
-6.646100440795514874e-01,-1.911983332965030424e+00,2.970997750746005028e-01
-1.780625279625959623e+00,-1.092062797764788762e+00,2.976565382597353704e-01
-6.871066006422130723e-01,-1.916702465290633706e+00,2.897006493356620860e-01
-6.177474615964564375e-01,6.311876910604650170e-01,3.187877770729784510e-01
-1.775032670372420851e+00,-1.090815787803260495e+00,2.963386272093313512e-01
-7.113638834248907639e-01,-1.910438567366756102e+00,2.953604176928170122e-01
-1.783858488296654166e+00,-1.090761391287700555e+00,3.020424485237525603e-01
-7.358140583450660799e-01,-1.915794496805681923e+00,2.948990368666596362e-01
-1.782960780561725578e+00,-1.090288114192092817e+00,3.023793052531024150e-01
-7.574512422734858141e-01,-1.908307852004272664e+00,2.970180896898311773e-01
-1.783850918459665147e+00,-1.089164019524368143e+00,2.996801255724487190e-01
-7.822308353783263835e-01,-1.913395564261065385e+00,3.040213920401790837e-01
-6.969958968606124738e-01,6.231530979002444237e-01,2.940269063829831220e-01
-1.788047045620950959e+00,-1.087166805770102052e+00,2.982951493239057172e-01
-8.115763279065175695e-01,-1.913088878707821738e+00,3.064717593712184551e-01
-7.070448796698020066e-01,6.077258097425264349e-01,2.967002281447589929e-01
-1.783814986610481323e+00,-1.078091461441538446e+00,3.046541565120341466e-01
-8.428388457844961934e-01,-1.910878065725654551e+00,3.014537972774267161e-01
-7.105492988590343950e-01,6.296769445327285997e-01,3.054180910711899455e-01
-1.798242268383507980e+00,-1.067048961115135697e+00,2.983325317801125420e-01
-8.705320865810910469e-01,-1.915464742026449230e+00,3.048003517214843416e-01
-1.786086809842651668e+00,-1.061188760986259139e+00,3.037530068558347285e-01
-8.952792671869050922e-01,-1.916920823215097824e+00,3.091871749333057195e-01
-7.369381925727751526e-01,6.301336482817376794e-01,2.971197262378917348e-01
-1.787803691227293879e+00,-1.059872552528406509e+00,3.112881757243528558e-01
-9.142654810994986780e-01,-1.915711617159562952e+00,3.012587803550549337e-01
-1.785096682339444296e+00,-1.064471402386182097e+00,3.035205715835853080e-01
-9.291215762652722532e-01,-1.914991796964078619e+00,2.966272796915391807e-01
-1.791519299018489608e+00,-1.072332915000611564e+00,2.991125237729809205e-01
-9.439379888861854084e-01,-1.916638686819169823e+00,2.986193945120643733e-01
-8.318894348166485653e-01,6.278876038666494352e-01,3.049500769074147133e-01
-1.786892328720379730e+00,-1.078743617994227799e+00,2.995329554257626925e-01
-9.669938203589588666e-01,-1.922855189011988930e+00,3.001297171096670158e-01
-1.787759528327795611e+00,-1.079361774310162225e+00,2.764545829586965153e-01
-9.942136817658285830e-01,-1.912639024151532752e+00,2.958199875433804582e-01
-8.599353330016249464e-01,6.207828693867678549e-01,3.063951657437892218e-01
-1.789840224229461541e+00,-1.071116632960706472e+00,2.419361304817452540e-01
-1.030085900326433102e+00,-1.914078944594612697e+00,2.976326016930033180e-01
-1.786124453152953206e+00,-1.050095446256092524e+00,2.474806202893375662e-01
-1.066648605198647237e+00,-1.919802310012861835e+00,2.929048100819554024e-01
-7.718444498572603063e-01,6.210083520328015805e-01,3.200284091891494320e-01
-1.776267649502226931e+00,-1.024681768983152885e+00,2.624084334388951945e-01
-1.101983210946403391e+00,-1.919354648582380474e+00,2.931322493491028136e-01
-1.774203231147182258e+00,-9.893316679343228115e-01,2.775598408081189072e-01
-1.147141940295310025e+00,-1.905635299164494256e+00,2.914803325977148862e-01
-1.773787153573567643e+00,-9.340734831525974169e-01,2.908366377076483378e-01
-1.174644806577808787e+00,-1.901210717590637422e+00,2.997406020524955306e-01
-1.761759026699985187e+00,-8.995222692704537559e-01,2.955999460379817312e-01
-1.220237668826075206e+00,-1.908232649377446188e+00,3.059375488114577379e-01
-1.759825410413075275e+00,-8.570571012163961111e-01,3.061274892143881488e-01
-1.281015915827803164e+00,-1.887961043025254027e+00,3.041405939202402875e-01
-1.769337698820353300e+00,-7.996034179031431544e-01,3.062657041609854747e-01
-1.340809787878194159e+00,-1.891037110068060745e+00,2.974740469507428653e-01
-1.771346145979375120e+00,-7.558156504700357381e-01,2.935139937817624611e-01
-1.392489499375735740e+00,-1.884974504284402830e+00,2.893693431644712155e-01
-1.777782183643258573e+00,-7.135141977851143791e-01,2.888236816214939662e-01
-1.455574371840690384e+00,-1.881277637394206392e+00,2.801172193714894787e-01
-1.779691410159492282e+00,-6.599492459365645658e-01,2.838729737481709980e-01
-4.494319641840721635e-01,-1.425567348617242214e+00,3.054073007821815899e-01
-1.519955440655865520e+00,-1.881018515879928632e+00,2.834914531906588819e-01
-1.772449367989541891e+00,-6.111002060743346842e-01,2.874033683380541326e-01
-4.708284444636727795e-01,-1.461735700629082313e+00,3.024774136897167010e-01
-1.594754338596057419e+00,-1.883656717025227634e+00,2.789792039940431345e-01
-1.770591231818686939e+00,-5.558366195033513923e-01,2.920626132901149030e-01
-4.817577758450827252e-01,-1.507279162666426808e+00,3.003938690487086838e-01
-1.663104242195031945e+00,-1.881017453642237935e+00,2.795093404203266574e-01
-1.771127432974898053e+00,-4.914286205314949418e-01,2.960883979225035212e-01
-4.978142377963356013e-01,-1.547066629865524456e+00,3.003192646715310277e-01
-1.728455217447787184e+00,-1.863916005211692317e+00,2.872088440036609236e-01
-1.767062573588913610e+00,-4.176915470922413220e-01,3.042467073935324340e-01
-4.749604748946844035e-01,-1.614162632065078373e+00,2.971679099045587136e-01
-1.771351333434372233e+00,-1.820436146016251922e+00,2.875167215241740126e-01
-1.765037452726799572e+00,-3.425058699512848470e-01,3.010161289534072915e-01
-1.804567777153612385e+00,-1.777954038497929101e+00,3.003753077902068802e-01
-1.766748631600229213e+00,-2.478948702837406870e-01,3.046943346850052303e-01
-4.231528679208912402e-01,-1.802809304041717464e+00,3.006289301481657184e-01
-1.803940946262460265e+00,-1.723059214814611551e+00,3.015461444911180511e-01
-1.766451571900026440e+00,-1.650521061712626469e-01,2.969205389409705353e-01
-4.254250660728380318e-01,-1.854492078795936916e+00,3.063804314806192752e-01
-1.789530897686338218e+00,-1.680183799200560379e+00,3.021275134450755462e-01
-4.394148337742783683e-01,-1.874300368726721455e+00,3.076385389396650294e-01
-1.779130528557079760e+00,-1.659489556132720978e+00,3.038916995488519790e-01
-1.789699642332684304e+00,-4.653387343463122328e-02,2.876972719288832248e-01
-4.480401537535563250e-01,-1.879987985010722618e+00,3.071866908611966540e-01
-1.761428024355571997e+00,-1.646662528772814493e+00,3.025977939201566769e-01
-1.795053606752692765e+00,-3.474617565014592735e-02,2.881759097099636513e-01
-4.505465547231359835e-01,-1.877276508954211387e+00,3.067166188981757524e-01
-1.752625931997094710e+00,-1.646849849464740334e+00,3.065401880021079717e-01
-4.467703693745426197e-01,-1.873737078785823407e+00,3.077379938041703844e-01
-1.758295896204143283e+00,-1.655099642375941871e+00,3.025511190651718474e-01
-1.793388134476028739e+00,-6.905942128626296750e-02,2.993964560290061083e-01
-4.419608104929164671e-01,-1.875485587970347146e+00,3.015626302807956072e-01
-1.761742341382406707e+00,-1.669692224742253650e+00,2.998764478371596098e-01
-1.815109863496275233e+00,-7.601449708915275494e-02,2.994204150811623499e-01
-4.376918337394033465e-01,-1.867750851006445778e+00,3.000602211943116937e-01
-1.761124976302230749e+00,-1.686134688137180149e+00,2.954353767347921988e-01
-4.265800431298218953e-01,-1.865899792738528573e+00,2.975158842490923106e-01
-1.759430332225842442e+00,-1.698703832627427079e+00,3.011522357593918731e-01
-1.802671679765508905e+00,-1.564350727709575839e-01,2.986505895529836252e-01
-4.243021889601945595e-01,-1.855682312292105340e+00,2.992554009774357482e-01
-1.771785004296189348e+00,-1.703391618422675169e+00,2.946994428882630523e-01
-1.802810428323656344e+00,-1.605217568510424186e-01,2.985741451794948209e-01
-4.278151121205820973e-01,-1.863772032125057265e+00,2.916908175976892226e-01
-1.794977089156100991e+00,-1.695912272753169248e+00,2.930162488768997542e-01
-1.804427223214952303e+00,-1.272839791790323360e-01,2.994171523257224687e-01
-4.494182967875457457e-01,-1.876928119979487164e+00,2.913431282555635771e-01
-1.815328327579595724e+00,-1.661348532705372971e+00,2.889635906742551441e-01
-1.786956413819474232e+00,-8.334296744854130523e-02,3.117115692230080226e-01
-4.890162238671986739e-01,-1.901393242152692009e+00,2.834191328695828682e-01
-1.827433343267485411e+00,-1.612160985755787035e+00,2.865156380116139490e-01
-5.366117359056375991e-01,-1.905557167442260003e+00,2.907886392488507332e-01
-1.822087842145651893e+00,-1.533831547976165055e+00,2.933942336345476964e-01
-1.788775032015531341e+00,2.132876011616078316e-01,2.875688240061115564e-01
-5.974898927491405498e-01,-1.896608271159829329e+00,2.979671375241087494e-01
-1.824764598506596780e+00,-1.469921435918715602e+00,2.803416896203922426e-01
-6.564062944536568356e-01,-1.892578477791966751e+00,2.959909166137947301e-01
-1.816288595931662364e+00,-1.410431335562034594e+00,2.871122759849467632e-01
-1.731309397934851724e+00,5.466031378745435099e-01,2.890111410760258237e-01
-7.114805446017796742e-01,-1.886271912290251151e+00,2.995988790308468097e-01
-1.809706737186713266e+00,-1.359281462006597385e+00,2.869124815001461437e-01
-1.641945492733674072e+00,6.062338219370253523e-01,2.957348079273314223e-01
-7.557314293345382961e-01,-1.889059301013598757e+00,3.021273339471506336e-01
-1.796725587125591828e+00,-1.320169571097945749e+00,2.995441842048477410e-01
-7.903119043168868041e-01,-1.887023176552658832e+00,3.083469700372907241e-01
-1.798484930813194493e+00,-1.290298265313301496e+00,2.994352227843571912e-01
-1.497875471480049070e+00,6.387914158382992369e-01,2.870677236899857876e-01
-8.184020110652512336e-01,-1.889410523324230429e+00,3.079188964810909424e-01
-1.797428830836044655e+00,-1.254918415690962297e+00,2.982692364408118801e-01
-8.524534635533879134e-01,-1.884968467922387703e+00,3.095158764806750229e-01
-1.792455719485110510e+00,-1.214690877513717071e+00,3.006965355049133759e-01
-1.310338958558336708e+00,6.453545692358724217e-01,2.894109314184523662e-01
-8.926730812243548474e-01,-1.890432534491476080e+00,3.048698926028284850e-01
-1.794890856565621196e+00,-1.163759533592045425e+00,3.029690076157451895e-01
-1.213077754092298344e+00,6.571172945450181047e-01,2.810352312907957728e-01
-9.389618567086771561e-01,-1.881036248314623016e+00,3.021555454604348268e-01
-1.775673174981427405e+00,-1.111699933595202916e+00,2.987946947840687817e-01
-1.101665459485386300e+00,6.573259866501959259e-01,3.107484787760704248e-01
-9.613670935673188644e-01,-1.870700855367375848e+00,2.902386138476295563e-01
-1.772174268887601212e+00,-1.072245347749847255e+00,2.942262679019223004e-01
-1.022517403964932958e+00,6.604737709928996114e-01,2.940252264270606930e-01
-1.000130229170907104e+00,-1.865415820469928487e+00,3.015476026798674103e-01
-1.771095091563263724e+00,-1.034892237825821404e+00,2.889922590091734134e-01
-9.488493034855104424e-01,6.646974493882993329e-01,2.868107219817744302e-01
-1.036562012437700409e+00,-1.867710541050163098e+00,3.061045202521426312e-01
-1.780421256315459999e+00,-1.001341819420900725e+00,3.135964379072611607e-01
-8.815455075710720845e-01,6.599158158956708320e-01,2.934604645856560556e-01
-1.071105416605199645e+00,-1.863935848378181159e+00,3.076314782783832191e-01
-1.779571992805046410e+00,-9.734332480426985956e-01,3.500037513330234162e-01
-8.243920551880310477e-01,6.744735787543476579e-01,2.827402622052317405e-01
-1.103557961309311164e+00,-1.868058716621592286e+00,3.137228997598090485e-01
-1.773656317046784725e+00,-9.458574523376069854e-01,3.531184787236714140e-01
-7.828115627871777837e-01,6.668498679313001887e-01,2.788569671089772273e-01
-1.126023544593204084e+00,-1.866751481215146224e+00,3.151714153091891291e-01
-1.778343755935117620e+00,-9.170093093913582738e-01,3.458758191544266669e-01
-7.556321518879154375e-01,6.711343257575466126e-01,2.900836236140019730e-01
-1.140968002483335075e+00,-1.867716180570230478e+00,3.095358410992443687e-01
-1.778959223918776811e+00,-8.910184932668019364e-01,3.298890596137737941e-01
-7.437180890650413323e-01,6.766327892049690540e-01,3.022259203963557073e-01
-1.151426888444033292e+00,-1.860819799608141700e+00,2.994162167492626092e-01
-1.775877811299092723e+00,-8.621265096863904853e-01,3.062097422993141915e-01
-7.352382610678450670e-01,7.136641717579847999e-01,3.207374664010861354e-01
-1.154884489645612300e+00,-1.855063491195541703e+00,2.869109026121209882e-01
-1.773744744964688369e+00,-8.437741262237830053e-01,2.923717620026095587e-01
-7.526843929886170015e-01,7.052810407900871326e-01,3.292749755501088726e-01
-1.146515140360462093e+00,-1.848037340431503583e+00,2.790894543264484384e-01
-1.770058901890681380e+00,-8.354092416885539052e-01,2.825322882434462279e-01
-7.856461020994818245e-01,7.117659447298316788e-01,2.992170758802466524e-01
-1.124785937648200340e+00,-1.850875862250995096e+00,2.904911915106636044e-01
-1.777602396736126078e+00,-8.391735693509706495e-01,2.845617521174207964e-01
-8.367947442069496589e-01,6.971591479608878483e-01,2.744255467277417204e-01
-1.090703728051923393e+00,-1.853092956507122802e+00,3.011356867366367651e-01
-1.776898246992149488e+00,-8.394790918953813907e-01,2.795913814291057231e-01
-8.762619058887254342e-01,6.889887843029631753e-01,2.705286824073728225e-01
-1.058512133332720762e+00,-1.851321547465156314e+00,2.991166677991030087e-01
-1.770989122674582861e+00,-8.314622288193102007e-01,2.833792225801938236e-01
-8.990017038748039369e-01,6.902074425769626487e-01,2.590409274949074248e-01
-1.037421591893908923e+00,-1.852597293649227650e+00,3.058704910892262596e-01
-1.770362399960680122e+00,-8.146613295690403600e-01,2.885402201049414583e-01
-9.060263737803098127e-01,6.843168694190333579e-01,2.747709497830769787e-01
-1.028295631694671641e+00,-1.846598134908120414e+00,3.007607447179028171e-01
-1.774521113366196445e+00,-7.955405152085867071e-01,2.936854297952899429e-01
-9.081055429986559790e-01,6.951935703190881277e-01,2.788211884538548402e-01
-1.021897834147569961e+00,-1.851156528885712138e+00,3.023474876694796087e-01
-1.781238154106507876e+00,-7.716693852521709918e-01,3.012604316433329377e-01
-9.034121954319898062e-01,6.936608733721101316e-01,2.904059654077106867e-01
-1.023223280290917359e+00,-1.852506647658834993e+00,2.991956634717774510e-01
-1.775040164530430786e+00,-7.504284438500791188e-01,3.025951312793119241e-01
-9.015118283845233726e-01,6.937346650538303017e-01,3.062229172649393316e-01
-1.022261028998150190e+00,-1.847378642316195085e+00,2.962836185904904607e-01
-1.777501588372950803e+00,-7.283429355425947715e-01,3.042551814926803266e-01
-9.028330715610760615e-01,6.871254643722961575e-01,3.053481318544164491e-01
-1.019212389568648014e+00,-1.854209910602197420e+00,3.028249902928282222e-01
-1.778422423577144640e+00,-7.069581274441192331e-01,3.024651223033076319e-01
-9.044812836106803644e-01,6.911756505230775005e-01,3.066868259038531552e-01
-1.015678948468412113e+00,-1.850392308122509322e+00,3.048453818256197101e-01
-1.778573728193983072e+00,-6.853494468157361741e-01,3.090849369926976231e-01
-9.054377223998982815e-01,6.934891239776788119e-01,3.014226215251532004e-01
-1.011428207260061107e+00,-1.851266147795514794e+00,3.154091829913267531e-01
-1.773828477381658608e+00,-6.642783747455883736e-01,3.078595893911375558e-01
-9.057271127593767845e-01,6.913890818580255004e-01,3.047342339200578842e-01
-1.009727587972931495e+00,-1.851427370316764298e+00,3.218629146798310803e-01
-1.782163093419824929e+00,-6.375154849847761707e-01,3.123686620633988609e-01
-8.977710890596600768e-01,6.878198008996139201e-01,2.966790918477413275e-01
-1.015561508340365515e+00,-1.850258222590143831e+00,3.277654844335866624e-01
-1.782968506378362239e+00,-6.102391131696178750e-01,3.095934751428853771e-01
-8.888642320733526336e-01,6.957822186949749188e-01,2.986926777340886408e-01
-1.025033197224771708e+00,-1.847484835882942544e+00,3.201333406939653736e-01
-1.785720683926902641e+00,-5.833527494863206542e-01,3.158106743359005986e-01
-8.812725755614325696e-01,6.929015406981864356e-01,3.119888868270522253e-01
-1.036549333846555232e+00,-1.850362724407398352e+00,3.120674579007875482e-01
-1.785811024343191722e+00,-5.559607603267306963e-01,3.130920090446332460e-01
-8.784992425713283870e-01,6.950096160304204407e-01,3.202647445628765133e-01
-1.046744710786966293e+00,-1.855417505766722375e+00,3.079782142778682563e-01
-1.782504077170605550e+00,-5.282910677553959156e-01,3.085862417065431407e-01
-8.766942442612543074e-01,7.012113214310429221e-01,3.192830444798539502e-01
-1.052344254654219879e+00,-1.843659126926572522e+00,2.997260783281568419e-01
-1.782085381626807852e+00,-5.071471797746617272e-01,3.086148483571738987e-01
-8.806759443332151660e-01,6.886077373629984066e-01,3.206649313094152021e-01
-1.056124605762691848e+00,-1.855261561878569720e+00,2.995283379505748189e-01
-1.788380821094566198e+00,-4.816149160764333637e-01,3.072894281599165556e-01
-8.837134640547715803e-01,6.913363527602536251e-01,3.168964069274043394e-01
-1.060506932339802422e+00,-1.847460193133760198e+00,3.001283382140523259e-01
-1.789906144941947108e+00,-4.543913469436295371e-01,3.099880280779335195e-01
-8.776962960087730803e-01,6.972516529293379950e-01,3.130851804649830705e-01
-1.070038887580574194e+00,-1.852474503730708433e+00,3.008437135989290856e-01
-1.790208870414696785e+00,-4.251736198724657134e-01,3.095604634977535130e-01
-8.729923633487968182e-01,6.956057991015132114e-01,3.144973825957415592e-01
-1.077983917273504622e+00,-1.842083373754547226e+00,2.993935821251142992e-01
-1.789129142736924916e+00,-4.001062079095469293e-01,3.061918571570228509e-01
-8.694677690331874542e-01,6.944543873338255846e-01,3.132672410921031880e-01
-1.085922208600832661e+00,-1.835220021992118422e+00,2.928746347629779812e-01
-1.787269290534904798e+00,-3.700801420634279304e-01,3.029824790909798060e-01
-8.639022030106147110e-01,6.991558479100639101e-01,2.994300964656499420e-01
-1.097943872988055514e+00,-1.856148214616043957e+00,3.007125752133400498e-01
-1.784998416379470321e+00,-3.389932401659194738e-01,2.973382736716498331e-01
-8.567337973111853744e-01,7.008338164580170115e-01,3.035422481084437685e-01
-1.105407850174290108e+00,-1.850061128958802037e+00,2.954680373382732594e-01
-1.786679186624604343e+00,-3.108868033341143366e-01,2.937078858088464361e-01
-8.543907856301521386e-01,7.007847314438020447e-01,3.073109402931356038e-01
-1.113509089972875454e+00,-1.843010149269990849e+00,2.926716367287123810e-01
-1.787785156909186934e+00,-2.859847613180990789e-01,2.955060311467282430e-01
-8.575832330536181658e-01,7.004915960676805220e-01,3.081067126474250628e-01
-1.109590062615056993e+00,-1.857057040395302394e+00,2.897347236226086586e-01
-1.790127957379595403e+00,-2.634919121507733886e-01,2.960965407449751563e-01
-8.608537480939941755e-01,7.055934389624949343e-01,3.006819757618460209e-01
-1.104617012668539955e+00,-1.847791236768577816e+00,3.062648590388323822e-01
-1.789622709465775285e+00,-2.402215886193199701e-01,2.988241255845601740e-01
-8.636408200742312635e-01,6.957748746611489565e-01,3.029667389288271950e-01
-1.100427028779908056e+00,-1.841198541217060392e+00,3.014907666922815865e-01
-1.785815210257550856e+00,-2.195386073207646893e-01,3.015773463783552044e-01
-8.654072182630710985e-01,6.961146262026973730e-01,3.046243466601660788e-01
-1.096771113567398759e+00,-1.856421242142028083e+00,3.052478554779843867e-01
-1.790663861236721832e+00,-1.964140805496950026e-01,3.057323283036018635e-01
-8.677094443266974988e-01,6.939269450574050424e-01,3.087327328053734998e-01
-1.094971399730553685e+00,-1.847922497769044936e+00,3.011555546444403819e-01
-1.788772200744340957e+00,-1.707311732979588659e-01,3.002080711094695098e-01
-8.654354398744784627e-01,6.938711947570448402e-01,3.036680104196084473e-01
-1.094248561809201492e+00,-1.844835678733651729e+00,3.000672158437553971e-01
-1.785130321774251572e+00,-1.469812635460638339e-01,2.966308895197770634e-01
-8.641217673339202099e-01,6.993674503153152200e-01,3.017394306932278947e-01
-1.790101626588677775e+00,-1.280041327477663415e-01,2.944392537763177997e-01
-8.732871056078078675e-01,6.996025327865255106e-01,2.995716296226914599e-01
-1.075990524475673782e+00,-1.837312184648936420e+00,2.993705360413747019e-01
-1.792681337556034205e+00,-1.184787604623799839e-01,2.588513128545257280e-01
-8.894391510707123638e-01,7.014239267279699375e-01,2.990151783465075930e-01
-1.040547672270305757e+00,-1.844094775767735062e+00,2.981491151534332307e-01
-1.790641848249736601e+00,-1.143187541794712797e-01,2.261213080636341743e-01
-9.057694854473654633e-01,7.046592813717464931e-01,3.074655078151639076e-01
-1.006272146243547549e+00,-1.840239513581594322e+00,2.830045467154604366e-01
-1.785577464473572684e+00,-1.035701464292358154e-01,2.397951037138635888e-01
-9.038226086777180202e-01,6.987016426856714757e-01,3.009535100926878370e-01
-9.965795916707773650e-01,-1.845601591143652742e+00,2.951918756312285619e-01
-1.785139725794617771e+00,-8.429720433141130176e-02,2.590435154170151466e-01
-8.883829922148951397e-01,6.915985872320672412e-01,3.062990062462206953e-01
-1.020473999157653244e+00,-1.839832432101897730e+00,2.811204391970363314e-01
-1.791653189945881852e+00,-5.521968295736018328e-02,2.815970784721932296e-01
-8.596506453170156270e-01,6.920216398492059495e-01,3.009532737494595156e-01
-1.786492173315798571e+00,-1.339873112836009739e-02,2.951005541889799022e-01
-8.163779824911835403e-01,6.899861313284793018e-01,2.971479982726499824e-01
-1.774254025575802363e+00,4.053529773796366031e-02,2.970290908957529119e-01
-7.564799832032718108e-01,6.836326272770740786e-01,2.862669622799535740e-01
-1.774560613868859882e+00,1.068366038997249912e-01,2.982834779039123529e-01
-6.945968217833498048e-01,6.867851402866806954e-01,2.786136297368989601e-01
-1.768019436741218531e+00,1.775925497867784086e-01,2.915536287448468600e-01
-6.362590105767587101e-01,6.912949136781836312e-01,2.790149246482365730e-01
-1.496501683011403294e+00,-1.827585021254549025e+00,3.173609533314545317e-01
-1.766069376333045948e+00,2.580524641381822804e-01,2.828739064461444075e-01
-5.762352329278521701e-01,6.882557147984319501e-01,2.848422327867748405e-01
-1.640521578786784840e+00,-1.825690796161278939e+00,3.011980895890866705e-01
-1.760756579986696657e+00,3.435752551273302258e-01,2.732823937199876929e-01
-5.087659036046061622e-01,6.904123015228450511e-01,2.969342329708851702e-01
-1.750681389595714288e+00,4.289767628191695215e-01,2.719284405632154122e-01
-4.451509351394213887e-01,6.783072046721420056e-01,3.050730216066810940e-01
-1.749001294081295566e+00,5.265263278419702875e-01,2.708798396939894881e-01
-3.812387614061538699e-01,6.650814708117924745e-01,3.106432219280773621e-01
-1.751030353037928311e+00,6.181610515062916367e-01,2.787142918443820117e-01
-3.125273533838982543e-01,6.611298447828796165e-01,3.145444856857746441e-01
-1.714220029803878775e+00,6.986674974071455102e-01,2.932772613481813839e-01
-2.354083210134816362e-01,6.582807113751796280e-01,3.015740955898726927e-01
-1.630127697706299505e-01,6.435267722320805461e-01,2.981695397521136881e-01
-1.791913014704534568e+00,-8.999165437155833835e-01,2.965195364962526781e-01
-1.592747216463673787e+00,7.547248259146357441e-01,2.939416079889793920e-01
-6.515389709432717336e-02,6.495362346401434284e-01,2.983017552145742490e-01
-1.517358129077766904e+00,7.507030240441894264e-01,2.954656205165268057e-01
5.445545139226748432e-02,6.614972811232284755e-01,2.966503904900412159e-01
-1.456726708690703198e+00,7.289120625342480064e-01,3.027512455430440008e-01
-1.797332326661215562e+00,-6.477110000757377861e-01,3.040765746451231100e-01
-1.419488254292854190e+00,7.137425184153232127e-01,3.051872623505887394e-01
-1.789183519346539519e+00,-6.042393040949165517e-01,3.077025216755526205e-01
-1.393458022687045217e+00,7.028731576800113512e-01,3.080992657925006872e-01
-1.784002846362695127e+00,-5.815799584821005341e-01,3.046448365204112996e-01
-1.381487886656243891e+00,7.000304827544036046e-01,3.040006770799578706e-01
-1.777577687909578597e+00,-5.702079357771937529e-01,3.006496429947581595e-01
-1.371192705208547080e+00,6.963733432257455114e-01,2.998854745493735874e-01
-1.768658684011827908e+00,-5.701743792830358259e-01,2.973043310490936508e-01
-1.371043266780343162e+00,6.953965936689200378e-01,2.939692546564219855e-01
-1.765583759868931235e+00,-5.790748433469398160e-01,2.933729794323095552e-01
-1.371513113841669407e+00,6.871155204043519760e-01,2.899872986501759176e-01
-1.764219866266479864e+00,-5.940331603240830427e-01,2.893057799423655041e-01
-1.383489971242487293e+00,6.938012544039116047e-01,2.899948579863401155e-01
-1.758077244151298402e+00,-6.009902552682298005e-01,2.836449402170805323e-01
-1.390598250252126578e+00,6.897404331794663168e-01,2.969711893829048988e-01
-1.770581528230509960e+00,-6.193128066777652263e-01,2.884082648773430013e-01
-1.396300554120833537e+00,6.888722823249967542e-01,2.995711076288535279e-01
-1.764177078662682918e+00,-6.207717166836744793e-01,2.890137144096228128e-01
-1.395017714398734343e+00,6.943534063145282431e-01,3.072308069633549188e-01
-1.779471909588304479e+00,-6.156046294273498365e-01,2.963718753206816547e-01
-1.377742505002808482e+00,7.054738011204436665e-01,3.033995544551500445e-01
-1.788902317082065263e+00,-5.889166850102721673e-01,3.007768945002890493e-01
-1.340989141512958893e+00,7.153134133307146314e-01,2.998861002300219902e-01
-1.788566787174401762e+00,-5.436012151281497395e-01,3.057349767408308883e-01
-1.298592203425082525e+00,7.153722299586994238e-01,2.980652134270606601e-01
-1.795643112338099368e+00,-4.989366840984231777e-01,3.066823585549695030e-01
-1.254491920930033144e+00,7.180042650730987797e-01,2.986873528916598186e-01
-1.790253108857256858e+00,-4.459715103687761362e-01,3.079255180393419833e-01
-1.197859159813925878e+00,7.233031770859185139e-01,2.963546906618207410e-01
-1.785896459097886968e+00,-3.980494452678861039e-01,3.051541787759547431e-01
-1.144777229359249970e+00,7.217644355262641254e-01,2.949857979076188075e-01
-1.777927991017532072e+00,-3.453364395019487554e-01,2.896159258830745542e-01
-1.095124661335887151e+00,7.240578153064946010e-01,2.941428781928199787e-01
-4.443774034201011247e-01,-1.726969640900013925e+00,3.111256705703308034e-01
-1.774508955376569830e+00,-2.944022250808986385e-01,2.937863042838144145e-01
-1.051490046462954187e+00,7.273524435919781483e-01,2.944040322003099730e-01
-5.383204440427060700e-01,-1.728553920144610290e+00,3.105871008207291006e-01
-1.775263688822789288e+00,-2.432166392171660196e-01,2.950124072447323775e-01
-1.003279888853255697e+00,7.288424392325932866e-01,2.932920336069284595e-01
-6.245348697949710814e-01,-1.746267590592622376e+00,3.132557706609052639e-01
-1.772141223697409451e+00,-1.900027695703593311e-01,2.996740428144425983e-01
-9.578515209358542393e-01,7.312095573089902878e-01,2.993417844854041610e-01
-1.768021775092498249e+00,-1.417263848133806237e-01,2.993569728929924567e-01
-9.097355114233606210e-01,7.203634440537671768e-01,3.073196147002994483e-01
-7.904387453035586208e-01,-1.824769486553966757e+00,2.880674166583882534e-01
-1.768111670680575287e+00,-1.026508324186360399e-01,2.939828256774815740e-01
-8.629668731041206797e-01,7.168603907860573443e-01,3.096089806137854450e-01
-8.810738610521643421e-01,-1.824993098870232311e+00,2.891890366963837944e-01
-1.760384023585576774e+00,-5.762267059012405462e-02,2.885508310483243521e-01
-8.193561349009929051e-01,7.132878202617211061e-01,3.061347905137418723e-01
-9.795016984929256765e-01,-1.813633951107127773e+00,2.995196681458259236e-01
-1.765274760039014179e+00,-1.531325776612986467e-02,2.938293562000249826e-01
-7.787108458767372232e-01,7.069806391121248312e-01,3.033224963461144674e-01
-1.085340691122574253e+00,-1.819479375732835358e+00,3.016103648916269586e-01
-1.758328523533597920e+00,3.008509120945077053e-02,2.913800153761625378e-01
-7.382706090352298967e-01,7.069730470962810598e-01,2.944934658032755670e-01
-1.192422066709050377e+00,-1.813245208930917007e+00,3.255964476534443652e-01
-1.759128696359403055e+00,8.048359421148390536e-02,3.319064444195043428e-01
-7.015066677621641933e-01,7.119758456405916869e-01,2.789077478994309578e-01
-1.767910591780259111e+00,1.218909528212403781e-01,3.620190594351317959e-01
-6.670215013233751211e-01,7.112232285684892963e-01,2.750388272661067890e-01
-1.320841552203045222e+00,-1.812994074860202698e+00,3.629441521269328175e-01
-1.761189039150618418e+00,1.448883072429293373e-01,3.601749303730708562e-01
-6.357080842596125603e-01,7.187351409523742296e-01,2.819516255606009936e-01
-1.331621538498962920e+00,-1.839613930406922782e+00,3.424371055014771015e-01
-1.755144810592780713e+00,1.516946326982685778e-01,3.359375286780345582e-01
-6.109060505911019234e-01,7.237274373830493435e-01,2.895525837589247864e-01
-1.753771631987704360e+00,1.490817891804895878e-01,3.206916566556208270e-01
-5.928012638359239084e-01,7.254688479832398507e-01,2.982339825896453966e-01
-1.745358072676617134e+00,1.436578531614779164e-01,3.070526389197804629e-01
-5.745644168824077802e-01,7.233113320823661985e-01,3.035126252357831511e-01
-1.756298432336579340e+00,1.398172587970857861e-01,2.939010093720874628e-01
-5.574533726345999307e-01,7.233492232864545679e-01,3.014475395676542435e-01
-1.751313204551909308e+00,1.330993126106419511e-01,2.907824243986123491e-01
-5.368216757136992090e-01,7.205164794624249192e-01,3.021258013201526538e-01
-1.190374226697205051e+00,-1.836266970205854498e+00,2.951648670921475648e-01
-1.746064778363497716e+00,1.326870803235634666e-01,2.971542621284975483e-01
-5.103433492724751552e-01,7.311619884628151045e-01,3.012074229253205448e-01
-1.186803810003722592e+00,-1.846554927055927608e+00,2.998851083606570156e-01
-1.752783221191891005e+00,1.412101774839104595e-01,3.013667577188765545e-01
-4.841264293489989656e-01,7.245818374001884443e-01,3.014491648812474001e-01
-1.183271933530904096e+00,-1.822190995282739534e+00,2.964789847634517472e-01
-1.759441044736983040e+00,1.548628131584584011e-01,3.031418535262893621e-01
-4.526928236478531820e-01,7.252205561727952388e-01,3.049294502440483834e-01
-1.192224075802839955e+00,-1.828823434468434206e+00,2.896382450756446736e-01
-1.749127961311030433e+00,1.667116815347886583e-01,3.106540273329172486e-01
-4.285970601695024973e-01,7.222365495997153939e-01,3.020124236106998539e-01
-1.189902556844025350e+00,-1.836925595579840698e+00,3.002644496030338894e-01
-1.750910517403687860e+00,1.734858340058029746e-01,3.114872825830181657e-01
-4.127932863047893419e-01,7.125480878226836401e-01,2.884215956241197309e-01
-1.737223651919368228e+00,1.660662856173349411e-01,3.100282264680699340e-01
-4.051890900234272896e-01,7.023335154173051542e-01,2.743949040916673354e-01
-1.137736247909196585e+00,-1.848226926952010185e+00,3.583061148702342269e-01
-1.751287681235146554e+00,1.560703301416828670e-01,3.003393668989055021e-01
-3.967577488679971953e-01,6.996451735991704446e-01,2.846917536741174204e-01
-1.748860619300773855e+00,1.394830885919970953e-01,3.008863913008808511e-01
-3.822607662891793767e-01,7.095642144436800081e-01,3.043270988380835651e-01
-1.054151511827823740e+00,-1.833156483188968178e+00,2.984721957589905883e-01
-1.746882060773402801e+00,1.289187163298659566e-01,3.036003524146975163e-01
-3.749763770455417644e-01,6.946878421971171003e-01,2.938741633719506030e-01
-1.015742454431293629e+00,-1.835305523756083801e+00,3.194163305562679467e-01
-1.741982990781789198e+00,1.155623969657492700e-01,2.960274601299838770e-01
-3.604852723721685415e-01,6.979572303324234062e-01,2.849531905152496436e-01
-9.809872030932499376e-01,-1.843994953660681890e+00,3.312721743565833488e-01
-1.744486902123990824e+00,1.053848243128434059e-01,3.001002188860381059e-01
-3.484085628176292193e-01,7.055490944102102979e-01,2.876438586429727051e-01
-9.456477872782912408e-01,-1.839054114812922469e+00,3.236413082326269897e-01
-1.736260939604958420e+00,9.663563387580620390e-02,2.992273739029084334e-01
-3.313044647045129132e-01,7.009868388568808451e-01,2.751289933420089096e-01
-9.205494175948687463e-01,-1.824266673115739978e+00,3.438391509839952009e-01
-1.748526237696092389e+00,1.018040653288204145e-01,3.040158426998837427e-01
-3.060732830315652797e-01,7.029940266011672767e-01,2.740863619568350007e-01
-9.070828560363044524e-01,-1.825519312924207105e+00,3.476240053709341860e-01
-1.747875674467621598e+00,1.117658433031190612e-01,3.003941426187944908e-01
-2.785358457747255656e-01,7.099196331066471854e-01,2.792025328533722095e-01
-8.950522791761139629e-01,-1.819349759788504661e+00,3.385306502162369058e-01
-1.740692071632377269e+00,1.248131351103545783e-01,3.015309270684159437e-01
-2.503665898734022677e-01,7.091223216940922836e-01,2.923965155914001190e-01
-8.801819820279600526e-01,-1.825639394402900795e+00,3.217156972686951444e-01
-1.741858347945744567e+00,1.389969944742123209e-01,3.012535390585677209e-01
-2.241935922128231173e-01,7.049982034990357471e-01,3.005863128383424177e-01
-8.614170124906479487e-01,-1.804325806499202933e+00,3.132482832928563665e-01
-1.734809286347086088e+00,1.559179367614298983e-01,3.034297816035378403e-01
-1.970004900360929345e-01,7.049687016800099126e-01,3.090460694381759743e-01
-8.501118902194271243e-01,-1.828160104487800197e+00,2.963989229849453566e-01
-1.735970158395827800e+00,1.713092327832579920e-01,3.035751348229121516e-01
-1.791949446204852692e-01,7.045285169339463582e-01,3.043614713224255808e-01
-1.734718850143016855e+00,1.717682006355947255e-01,3.021649455177862764e-01
-1.671374204563095822e-01,7.002085499082733033e-01,3.138813747147914945e-01
-7.708128337047543965e-01,-1.827411923890372325e+00,2.750003269764943470e-01
-1.744092045754590536e+00,1.628727528875073549e-01,3.045888513536910702e-01
-1.568891534301419255e-01,7.006682010422958795e-01,3.194497265432124644e-01
-7.215745322557235442e-01,-1.823313536962543502e+00,2.627433851105320795e-01
-1.743091488090033447e+00,1.466517133582960764e-01,3.082298827923333207e-01
-1.397661827636040022e-01,7.026332154246083261e-01,3.104865311138294004e-01
-6.840022434931778417e-01,-1.821112003381921252e+00,2.752561358174619999e-01
-1.736962047417538013e+00,1.366642955938612292e-01,3.000677155386450301e-01
-1.129375314718936152e-01,7.069335055585341809e-01,3.081928657380617609e-01
-6.595454755734910801e-01,-1.830683486434221408e+00,2.776027138151935802e-01
-1.729495014819090182e+00,1.355779917954032521e-01,2.984061437819339191e-01
-8.458467764731827931e-02,7.090211987040625496e-01,3.016244257063902534e-01
-6.319173625150312779e-01,-1.788676738278409228e+00,2.881727466660203851e-01
-1.749803351858318257e+00,1.454539426181338801e-01,2.905017045134093423e-01
-5.811101557031669862e-02,7.201157233765737020e-01,2.840736607220836207e-01
-6.067404446605488832e-01,-1.775080210854524498e+00,3.161360893999486388e-01
-1.740082235356173568e+00,1.438365398194723643e-01,2.875548115141629002e-01
-3.223490919032098723e-02,7.225021710359555982e-01,2.639418104035365920e-01
-5.699855333845798011e-01,-1.736834933649658241e+00,3.525209935972613562e-01
-1.748601098072381177e+00,1.427251949967293654e-01,2.795547446979926298e-01
-5.063569649996463307e-03,7.288697253111603436e-01,2.662366827709349293e-01
-5.447970487265902939e-01,-1.722942828381152314e+00,3.525325292564760460e-01
-1.729830384114587449e+00,1.450107803121816752e-01,2.820533849033526330e-01
2.524250252882245804e-02,7.396441530176287582e-01,2.752177624325645722e-01
-5.156814170594570257e-01,-1.659306440519900949e+00,3.387580093882328058e-01
5.819202466083886471e-02,7.375746541233215714e-01,2.900172414038562629e-01
-4.930755668756501287e-01,-1.640183310034752928e+00,3.192081030630781191e-01
-1.732166899767447310e+00,1.835863683031359606e-01,2.930006780132473065e-01
8.746078679713789605e-02,7.308073122494047613e-01,3.304959420043076523e-01
-4.764229854502760042e-01,-1.672801703237970283e+00,2.556708655670771879e-01
-1.738968940826755016e+00,2.026358322362772912e-01,2.623612390075648615e-01
1.165906631067433474e-01,7.147527185470683442e-01,3.843410444903114231e-01
-4.522490633982703678e-01,-1.631028836721875042e+00,1.730136669224309198e-01
-1.708579815957816050e+00,2.266957888205314298e-01,2.008031582184246211e-01
1.497191117881927491e-01,7.027513440278825296e-01,3.824736629105022767e-01
1.747391893045549816e-01,6.937836297622386184e-01,3.657266558395544376e-01
-4.786432489343522279e-01,-1.628490373402222247e+00,2.018399766142724427e-01
1.942065878431838977e-01,6.840430727750059781e-01,3.340366629738553139e-01
-5.122996679809233012e-01,-1.633876984562691703e+00,2.406529477286128427e-01
2.189114331740028008e-01,6.792471565486791762e-01,3.034638876487908976e-01
-5.559595912285598684e-01,-1.633319517324156589e+00,2.852629416829366993e-01
2.500051939408627355e-01,6.753664191120427596e-01,2.894752067694975617e-01
-6.139818750090492161e-01,-1.643843623212540184e+00,3.098743309699542037e-01
2.890534090743223095e-01,6.640192849363131256e-01,2.792780142718049308e-01
3.503907854901232577e-01,6.619965191096911505e-01,2.775317558587283573e-01
4.177748926230878679e-01,6.479236898623369489e-01,2.837020252323278480e-01
4.959407154991277711e-01,6.466118033748862182e-01,2.947215164579099489e-01
5.700926766960897618e-01,6.440161423400245777e-01,3.132400341667428423e-01
6.456578194105582202e-01,6.364121230014989639e-01,3.231099201373225926e-01
7.179657422462062399e-01,6.096039196845557395e-01,3.240174907709560403e-01
8.014773783269411034e-01,5.941761364220981001e-01,3.253190022403197323e-01
-1.020093596502550826e+00,7.328709073763470805e-01,3.104557201374342768e-01
-8.487089303082749892e-01,7.276830265761855543e-01,2.965133663153337040e-01
-7.787024599269578573e-01,7.390053662332956019e-01,2.973750030629420671e-01
-7.154877028565397312e-01,7.479263100645661133e-01,2.982684986923233583e-01
7.526780224767102290e-01,-1.843851813174392618e+00,3.040569411155717439e-01
-6.423267659512803540e-01,7.372934168949980549e-01,3.014222584005401551e-01
6.479524058552958987e-01,-1.840849459007922295e+00,3.048296973636950291e-01
-5.814997569335651484e-01,7.391897591032217107e-01,3.018276277062918456e-01
5.512242342176881804e-01,-1.833265769525330935e+00,3.047008003850889546e-01
-5.177098565361744065e-01,7.254249680107067721e-01,3.014420780129164479e-01
-1.771623232927782565e+00,-1.030240230012660074e+00,2.934001124925484927e-01
4.631158610042647172e-01,-1.831854833861572773e+00,3.062145164164152278e-01
-4.614609876434534463e-01,7.197939825443280260e-01,2.997361926347807959e-01
3.816548089225434981e-01,-1.831463912110819159e+00,3.059091898416235189e-01
-4.020498554360882326e-01,6.989509471626367265e-01,3.029699670495186181e-01
3.126862355000362692e-01,-1.835341656802685684e+00,3.068156548124192362e-01
-3.524010816025748838e-01,6.853936419609545361e-01,3.056264549840712053e-01
2.414897326820101831e-01,-1.829963863554187942e+00,3.016446200486685436e-01
-3.068856543297363570e-01,6.736587619958758211e-01,3.129221975155679347e-01
-1.743733409628731135e+00,-7.495381942110107554e-01,2.898622373104727257e-01
1.729718551676189819e-01,-1.834317714221135764e+00,2.996765568771205257e-01
-2.666200440077392542e-01,6.764479045714286709e-01,3.143724634021372588e-01
-1.768414331032734488e+00,-6.898397344475037940e-01,2.877231662156745640e-01
1.096803000560275243e-01,-1.847941089497237011e+00,3.007542102083156088e-01
-2.218110172143236414e-01,6.844299802835513979e-01,3.119912699515212107e-01
-1.722107926381886367e+00,-6.241775459588021491e-01,2.886892625118260836e-01
4.563141282584970426e-02,-1.840231474279103496e+00,3.006672437340257020e-01
-1.787634474536433093e-01,6.797825558267294177e-01,3.093984950706380466e-01
-1.769788840690363685e+00,-5.744457326072263115e-01,2.903315947033937583e-01
-9.871237401011326296e-03,-1.842119015115362357e+00,2.930662696950977475e-01
-1.404507769141693785e-01,6.774226304869450654e-01,3.127609374036017797e-01
-1.761835728618974528e+00,-5.296590977657957833e-01,2.925865676328771592e-01
-5.792962716062854955e-02,-1.836044601268579379e+00,2.916307168076090472e-01
-1.110266033780483719e-01,6.803039295179600376e-01,3.130732615491316206e-01
-1.041998926752417814e-01,-1.841254726370873396e+00,2.900362423352165764e-01
-8.188879309929582295e-02,6.894956099965343643e-01,3.177120406428392552e-01
-1.747212805090803123e+00,-4.408724849678665736e-01,2.986035978831134141e-01
-1.585614090434291634e-01,-1.830522968806088224e+00,2.904014880980047009e-01
-5.054371531012846058e-02,6.769934443966454385e-01,3.185726676870219709e-01
-1.749806980807844248e+00,-3.850621271252090416e-01,3.032236130896165394e-01
-2.157555990022457792e-01,-1.793786729357040866e+00,2.977142531358668021e-01
-1.398228689881714226e-02,6.919743484564560010e-01,3.154736042021361597e-01
-1.736479048030084904e+00,-3.265424178050804205e-01,3.011693717875523757e-01
-2.706347710131329909e-01,-1.727147709258536556e+00,2.996288883477178366e-01
2.530476512896245866e-02,6.766929735026161463e-01,3.069612038344415872e-01
-1.743752348838664146e+00,-2.743858272780809737e-01,2.978111998985882303e-01
-3.076241685765971345e-01,-1.622156271712826836e+00,3.030722801424670099e-01
6.200635800678327980e-02,6.884647738006586248e-01,3.011597300489596840e-01
-1.757688392503961472e+00,-2.339757360434425726e-01,2.981874155242039137e-01
-3.393506880390978475e-01,-1.558541880333430552e+00,3.026242493160431479e-01
8.473287746897367745e-02,6.694546824236256022e-01,2.997180819592334400e-01
-1.750809891867709522e+00,-2.056354033557303840e-01,2.957658997068347007e-01
-3.700823612559692721e-01,-1.538242180876567389e+00,3.014810301810448845e-01
1.075743726252192389e-01,6.727490206043884591e-01,2.990414499396011339e-01
-1.755728709802600873e+00,-1.794822543717879970e-01,2.909552198521495603e-01
-4.000962999753081561e-01,-1.533304816616971378e+00,3.018290131982569457e-01
1.247539630444265413e-01,6.649031715595874470e-01,2.981085125757869103e-01
-1.760756295966614315e+00,-1.552610295959288567e-01,2.831921112531972651e-01
-4.325377554483021969e-01,-1.537456591582792687e+00,3.076244064221230201e-01
1.465298641089071152e-01,6.749446237423246675e-01,2.894432511153011145e-01
-1.751283513117654955e+00,-1.322226306046601629e-01,2.778057597145428548e-01
-4.657078756025103683e-01,-1.541550609385152315e+00,3.128475697993909899e-01
1.657162649697995760e-01,6.719147966256073801e-01,2.800077906262424809e-01
-1.744433874477772761e+00,-1.088098500909918664e-01,2.762432169923855207e-01
-5.016798336805357028e-01,-1.560725301049119995e+00,3.136720474736441333e-01
1.884712873598151095e-01,6.737832938970091945e-01,2.738754491438739058e-01
-1.739702382990025331e+00,-8.667124544360105265e-02,2.691462509989586693e-01
-5.544592634452965019e-01,-1.640371554920134978e+00,3.222414099534490761e-01
2.058814782514737374e-01,6.541922425723096790e-01,2.623837809237565821e-01
-5.915894284844523954e-01,-1.695299630293077620e+00,3.245571362952721639e-01
2.278915766191318415e-01,6.592520702450295200e-01,2.569319060366850871e-01
-1.734040005914727622e+00,-7.212323271604514918e-02,2.712995268748517597e-01
-6.060249009003459975e-01,-1.715265800444592648e+00,3.208012942961200320e-01
2.384208210041579568e-01,6.498040257949653231e-01,2.616393152186192728e-01
-1.754353908659270989e+00,-7.569981464392272485e-02,2.767718062358685560e-01
-6.078925339545333539e-01,-1.737698022650264518e+00,3.113155885104317289e-01
2.404306469371750299e-01,6.423359855756129999e-01,2.723938664257210540e-01
-5.850314699586531830e-01,-1.714747684742165434e+00,3.006361776762350724e-01
-1.745117385537184651e+00,-1.209859535015427312e-01,2.869211870554531640e-01
-5.486703839641329239e-01,-1.673481755489318878e+00,2.880861922856421953e-01
2.405086934118307318e-01,6.585232831718563773e-01,3.079074811164232983e-01
-1.759439140348874053e+00,-1.556319707969817112e-01,2.716053222836583014e-01
-4.987132431308058389e-01,-1.605518297042566322e+00,2.706817153445816304e-01
2.224522488735061754e-01,6.701943321548831101e-01,3.306513947951948973e-01
-1.743866021561804480e+00,-1.888587010169783253e-01,2.916360562262174660e-01
-4.597992220990501089e-01,-1.542113162318868635e+00,2.556941936700056206e-01
2.054580951896928243e-01,6.561902077306875913e-01,3.571633762948288604e-01
-1.749239659757924503e+00,-1.851668862986076136e-01,3.135505864414314670e-01
-4.522571006586427744e-01,-1.518552554955292955e+00,2.567799953467346796e-01
2.145606559341508568e-01,6.646042667735969633e-01,3.587867168466681855e-01
-1.735534853502199493e+00,-1.628678081313696957e-01,3.219832878971734536e-01
-4.753050094064931730e-01,-1.516865814345712771e+00,2.654223542229872113e-01
2.330670485482745913e-01,6.647285125229107638e-01,3.421049499247830195e-01
-1.739347847340270148e+00,-1.063815683677715729e-01,3.279322602933648079e-01
-5.366431427222142503e-01,-1.573754769889641025e+00,2.831965816346744824e-01
2.647477899989951200e-01,6.447053926033514681e-01,3.161826451130065330e-01
-1.743166966288271835e+00,-3.536915674056628767e-02,3.305058166408696430e-01
-6.494703370096572836e-01,-1.709451415209987779e+00,3.010223469923140605e-01
3.162332780632512996e-01,6.419611480622964272e-01,2.947386283176586241e-01
-7.696387301365686939e-01,-1.810792806412013789e+00,3.082415647963973049e-01
3.756303667938840629e-01,6.242482345244808606e-01,2.878743221991051926e-01
-8.641196684556851082e-01,-1.825143135005542705e+00,3.099095016799018332e-01
-9.505893313036833936e-01,-1.822258583465830473e+00,3.027858978046362726e-01
-1.044420676697017214e+00,-1.827401325484624417e+00,2.911094698424708249e-01
-1.700023637183774250e+00,3.857526234865933379e-01,2.914998528601928651e-01
-1.135819104856418349e+00,-1.826537973206344034e+00,2.885738512749331242e-01
-1.222337836487856544e+00,-1.831594244844824360e+00,2.771585103216352430e-01
-1.310810213721831374e+00,-1.841378284060838810e+00,2.765795288658746687e-01
-1.396903798271593056e+00,-1.838041531247840199e+00,2.806540617995884057e-01
-1.510809480689711437e+00,-1.850102576352773420e+00,2.951127154288440968e-01
5.491212067802382357e-01,-1.875399807900838711e+00,2.989711356785036966e-01
-1.739063730737938185e+00,-1.738036027271774753e+00,3.011809968120502390e-01
4.396969300719310025e-01,-1.858134056989369620e+00,3.079910712458006072e-01
3.472987804684952717e-01,-1.867205744417025137e+00,3.059144072560316951e-01
2.544189638409968257e-01,-1.871617991435244877e+00,2.999236856231433657e-01
-1.163003681732871941e+00,7.531106463160019970e-01,2.986501147138433399e-01
1.668911203878820082e-01,-1.875533538465546934e+00,2.981143380547652266e-01
-1.061124815422290535e+00,7.251109944590368173e-01,2.990496271758456559e-01
8.804450860493262532e-02,-1.877210424726715399e+00,2.937171766918461602e-01
-9.887411352501250805e-01,7.258377992255695688e-01,3.064302001915188423e-01
-1.793300598260273881e+00,-1.263740681070425476e+00,2.909854203646697335e-01
9.477323858000930024e-03,-1.860586960494664321e+00,2.942311203435111766e-01
-1.784785721171555206e+00,-1.179197211946264590e+00,2.899725038528490062e-01
-5.580249112725255145e-02,-1.863408948291160216e+00,2.924115522299384207e-01
-8.482076394742379399e-01,6.914155075013652674e-01,3.167237088109011167e-01
-1.777594003146016899e+00,-1.105391860744532329e+00,2.921215048812059178e-01
-1.157742901969174287e-01,-1.863128797479444820e+00,2.902318637752838160e-01
-8.049107363349408129e-01,7.203688306523456930e-01,3.203477074737280939e-01
-1.787765191428166478e+00,-1.042252302105579176e+00,2.906852318762848109e-01
-1.806001404004005662e-01,-1.836581772081566477e+00,2.994195500830577616e-01
-7.491246002401664716e-01,7.056049979259315652e-01,3.089780522012431918e-01
-1.777494372972342251e+00,-9.732703796856460032e-01,2.976168471439049057e-01
-2.465911689919887129e-01,-1.766320303576527806e+00,3.103091649946259079e-01
-7.068962194040216973e-01,7.203747889787579517e-01,2.927655842132164121e-01
-1.770022055140537454e+00,-9.093331412944325454e-01,3.005450054133015358e-01
-3.119757490901406971e-01,-1.633962387863346688e+00,3.202508546551420254e-01
-6.681785643436504163e-01,7.016364339560712260e-01,2.770455549660739147e-01
-1.774568369912788768e+00,-8.587633608355718096e-01,3.029507387500661730e-01
-3.569130167867445858e-01,-1.549150432745776129e+00,3.185352024657353009e-01
-6.439586575149996994e-01,7.132938946872147135e-01,2.748148936243340335e-01
-1.771374915024187313e+00,-8.165151781986731416e-01,3.015316078683566992e-01
-3.867238615263491330e-01,-1.529422295996757830e+00,3.183648178748077484e-01
-6.247810514498083334e-01,6.873629853146996371e-01,2.726287174001410518e-01
-1.773976598576582742e+00,-7.865187650044167533e-01,2.985358696992975736e-01
-4.116843774031048730e-01,-1.539519355088836639e+00,3.151325613437419015e-01
-6.171571965839206531e-01,6.956586895621013067e-01,2.728829543834505600e-01
-1.771575601889308960e+00,-7.619211384945429044e-01,2.970529840592349702e-01
-4.308595291320762577e-01,-1.545102442658931041e+00,3.126834334555308459e-01
-6.172276676509074189e-01,6.948428245258568836e-01,2.750521039348343133e-01
-1.774504746844010716e+00,-7.488456375533903975e-01,3.005743772179420015e-01
-4.450934919664571998e-01,-1.547985670573143180e+00,3.057981552817027882e-01
-6.265927004165934289e-01,6.844844158307008541e-01,2.786808057801921090e-01
-1.774522492944730967e+00,-7.451189984372645903e-01,2.964366312941889570e-01
-4.524339274474007411e-01,-1.571250084794483026e+00,3.055308046726921134e-01
-6.420212110014157370e-01,6.816034370333261538e-01,2.767441566801441821e-01
-1.776091485564651462e+00,-7.484575004148055211e-01,2.912468301246702862e-01
-4.585118175233595661e-01,-1.588321813924251646e+00,3.010040478386759033e-01
-6.647084346347156281e-01,6.862356745759492505e-01,2.780435034310996811e-01
-1.784986160477347816e+00,-7.567953350822015368e-01,2.852074510745998825e-01
-4.613717276414894819e-01,-1.613947211252109160e+00,2.964892024199103360e-01
-6.904828231636811475e-01,6.775990117355690234e-01,2.849560406882787889e-01
-1.773027643313318302e+00,-7.673185442020227232e-01,2.778167892901038938e-01
-4.603723189280938821e-01,-1.621361215698659652e+00,2.976574627215552438e-01
-7.198360361930169482e-01,6.740027879540266831e-01,2.885651495627077900e-01
-1.779719437095603096e+00,-7.833289439209875082e-01,2.758608289850614237e-01
-4.546620023294177249e-01,-1.626270304125086330e+00,2.986639258873290959e-01
-7.551200049386290747e-01,6.762061782481203487e-01,2.953417599692583773e-01
-1.786046764540875520e+00,-8.046648813507694120e-01,2.801128014207024952e-01
-4.482940074055725699e-01,-1.606714726348876798e+00,3.014701247031654763e-01
-7.896260493556856996e-01,6.799260677282903398e-01,2.909669823015726409e-01
-1.784214224163276574e+00,-8.254497111383617414e-01,2.847922811326443204e-01
-4.387878999826644311e-01,-1.606633329890100326e+00,2.994688511006557974e-01
-8.248355524943535855e-01,6.718778730911336705e-01,2.908139172925431337e-01
-1.777349015328646420e+00,-8.476170784232645028e-01,2.859977526690656857e-01
-4.324779334582146140e-01,-1.600396405852367643e+00,3.005939774483125104e-01
-8.620682777681261122e-01,6.703020421854026800e-01,2.905096254833350877e-01
-1.776933107709016690e+00,-8.685973281523606815e-01,2.907759171681408850e-01
-4.346253390877309331e-01,-1.575612064738262763e+00,3.010175695915853766e-01
-8.941268977118650430e-01,6.749206006852661588e-01,2.879776507398882912e-01
-1.777844435291329850e+00,-8.854053958277507963e-01,2.917324317120577604e-01
-4.363135789376396678e-01,-1.574323552171621010e+00,3.015132983049554904e-01
-9.127912283798292892e-01,6.665502478409139897e-01,2.899089026107498079e-01
-1.790740700379740868e+00,-8.972479249166553927e-01,2.921448577005685832e-01
-4.400431463392810993e-01,-1.584808018554128450e+00,3.038895833533175606e-01
-9.280819620743270271e-01,6.627887582799127930e-01,2.926271190953266266e-01
-1.786572335697113711e+00,-9.020256378420075105e-01,2.930561722364831145e-01
-4.488221944886632842e-01,-1.575349154516320738e+00,3.040937146012177017e-01
-9.395643369101775999e-01,6.501708882038690351e-01,2.955094789179876780e-01
-1.798108724625353760e+00,-9.082727358317157496e-01,2.954385874149129121e-01
-4.567177134388170079e-01,-1.590977451994827874e+00,3.070545758216076115e-01
-9.501934556213238459e-01,6.646394724337236770e-01,2.946053947679897478e-01
-1.792607328109232290e+00,-9.077252335758987378e-01,2.996152585584842543e-01
-4.644106393239826325e-01,-1.598621294499742440e+00,3.054282153980448777e-01
-9.555276665647387535e-01,6.626409857161870143e-01,2.957863469661916600e-01
-1.803809776977061574e+00,-9.112517745820327697e-01,2.992562511819110149e-01
-4.676202586291614005e-01,-1.620908546268175598e+00,2.985757901489236588e-01
-9.617496373270566501e-01,6.622196842546388407e-01,3.061678977215203656e-01
-1.801112414574275844e+00,-9.150128050164685334e-01,3.017178460925828976e-01
-4.779974555729287200e-01,-1.606295822986906874e+00,2.978357269197040025e-01
-9.652876176366200767e-01,6.547476420450406565e-01,3.119689216139281407e-01
-1.807075344483730417e+00,-9.168604047613306829e-01,3.057584350760523262e-01
-4.818779803950609120e-01,-1.613391156780909608e+00,2.940691393871739945e-01
-9.697809940515034199e-01,6.567111673139198746e-01,3.105034755227539245e-01
-1.802390515137251015e+00,-9.183998519730237620e-01,3.044485338872949254e-01
-4.813416538932924205e-01,-1.634526728399358309e+00,3.081244816233467132e-01
-9.765383590484618681e-01,6.544291187051327618e-01,2.875003886826662525e-01
-1.800953455672046122e+00,-9.214290525505253182e-01,3.044642486767541456e-01
-4.776963999888174106e-01,-1.642181227207438754e+00,3.169018816980838649e-01
-9.962829616515691544e-01,6.514822580592345425e-01,2.712971186009957014e-01
-1.805384959070124751e+00,-9.345091217239365200e-01,3.096024841099764835e-01
-4.689461886168653226e-01,-1.632182354894009979e+00,3.220615838090891137e-01
-1.022139477873597935e+00,6.428350848321522371e-01,2.651684061589055230e-01
-1.800204503520507426e+00,-9.566129413600575893e-01,3.096411773219212016e-01
-4.518163261051110213e-01,-1.639267646373399945e+00,3.127983317467866176e-01
-1.057789843310260824e+00,6.340937455367603448e-01,2.776831182586579905e-01
-1.798131986701804186e+00,-9.911170472720405300e-01,3.083325824660995140e-01
-4.390583746331354620e-01,-1.616207034815998922e+00,3.043436244363076915e-01
-1.101096414189844053e+00,6.218587140624050047e-01,2.863620261408532097e-01
-1.795773646041416205e+00,-1.031013419349696258e+00,3.007235767801915149e-01
-4.272609010363915272e-01,-1.577652971188685971e+00,3.000027418019370340e-01
-1.153999896558119520e+00,6.192592123894415934e-01,2.951767668690730151e-01
-1.786525096328747786e+00,-1.076164711247634242e+00,3.028962755444851163e-01
-4.099301125645554711e-01,-1.551508277567525740e+00,2.930390098021781187e-01
-1.219434617282296740e+00,6.151851031952553228e-01,3.035865498203314528e-01
-1.794018392217814339e+00,-1.135624695871059409e+00,2.972199907636987604e-01
-3.875616366158222137e-01,-1.534662042122053371e+00,2.941272712622659546e-01
-1.292300040478822742e+00,5.940434193540602426e-01,2.996480372596141417e-01
-1.780617319037790525e+00,-1.194444535385323913e+00,2.905336962028826631e-01
-3.651425034927509583e-01,-1.503763497472564215e+00,2.963983289213732997e-01
-1.789230693307734432e+00,-1.270984127343927961e+00,2.892155389342629945e-01
-3.454069383513745928e-01,-1.478159429725365959e+00,2.969821246605724996e-01
-1.473727438405967538e+00,5.798212567745666401e-01,2.928176139066180350e-01
-1.778243424058030264e+00,-1.339999034331359251e+00,2.874264785614075723e-01
-3.169140026569074453e-01,-1.479310885159401900e+00,2.956265464860591274e-01
-1.787088521106404038e+00,-1.415192428324983265e+00,2.837644726807039830e-01
-1.647905433277722764e+00,5.865900557846250862e-01,2.921276306365621078e-01
-1.789310472173176292e+00,-1.477575335500572518e+00,2.806885574485319945e-01
-1.520614987241027949e-01,-1.646091804046784457e+00,2.909140675688348665e-01
-1.793164988409279736e+00,-1.535614650821774507e+00,2.829683291870356276e-01
-6.344361820996047285e-02,-1.729023123868322021e+00,2.883958103629869485e-01
-1.790823680671288054e+00,-1.588418842875642945e+00,2.922110400587076828e-01
-1.795432762605770671e+00,-1.647178706584858876e+00,2.917813301893028011e-01
7.836765844489845811e-02,-1.830827948004506212e+00,2.822110300970303021e-01
-1.795397371316289847e+00,-1.696834831769001850e+00,2.865073128568056959e-01
1.186493670215521545e-01,-1.847453580708174448e+00,2.748684663830144315e-01
-1.781317477120167858e+00,-1.729411361729536800e+00,2.788716776879781034e-01
1.384926704514395368e-01,-1.847125964741936022e+00,2.789074900445694949e-01
-1.784636217144473846e+00,-1.764921953581213732e+00,2.727607638271201118e-01
1.482412257558055613e-01,-1.835406522217853054e+00,2.844824700543632234e-01
-1.854078478670000640e+00,3.252822680782525566e-01,3.169748192600439496e-01
-1.781279778016868987e+00,-1.794934873981340662e+00,2.728316465164956073e-01
1.712247136786192447e-01,-1.847638230422977479e+00,2.920047058387615357e-01
-1.780751938104228049e+00,-1.811099511473514667e+00,2.767379801859902178e-01
1.844540441748555581e-01,-1.854782313098573221e+00,2.995623532140548329e-01
-1.777370919436336738e+00,-1.818263577246566731e+00,2.845226030926311100e-01
1.748884416396827568e-01,-1.838853289357490928e+00,3.056369023241193306e-01
-1.848104277174321686e+00,2.179951591349105211e-01,2.956409251370946123e-01
-1.773042036583979630e+00,-1.823387233917908024e+00,2.871801112575652071e-01
1.915493930768125130e-01,-1.847766334001230693e+00,3.087079814961621871e-01
-1.845900032816582659e+00,1.890839498850735989e-01,2.945038286190958532e-01
-1.768465694553408518e+00,-1.825444642291829345e+00,2.900908296966284716e-01
-1.773935506788212546e+00,-1.829372234830640043e+00,2.936636655630083248e-01
-1.831783353312685714e+00,1.505074785542790394e-01,2.947207227153406106e-01
-1.782597950155286437e+00,-1.829880408798101543e+00,3.083446628288991631e-01
1.755451353243757673e-01,-1.863037503221163682e+00,3.079250955786073107e-01
-1.838821493253464556e+00,1.672152736502858783e-01,3.070604119875710580e-01
-1.797829166311073035e+00,-1.819218338148266945e+00,3.117652019728023305e-01
1.484835555359237391e-01,-1.876595896186129986e+00,3.020393404121476943e-01
-1.808923013946752256e+00,-1.794761265374208214e+00,3.173564859013600636e-01
1.082004179039771641e-01,-1.877155842432822741e+00,3.043421597885792029e-01
-1.808587732601227849e+00,1.775813063929614355e-01,3.131985314001966558e-01
-1.824830047261563948e+00,-1.778176277896742707e+00,3.182441936735768695e-01
5.341811170202359627e-02,-1.849213718550796637e+00,3.079774930193838745e-01
-1.831085148789187933e+00,-1.761613040212940851e+00,3.181550346056220002e-01
-1.186294994036940498e-02,-1.793451080641990991e+00,3.101091739502196964e-01
-1.827608132057235490e+00,-1.748494305984392039e+00,3.166147124962923609e-01
-5.856057014057591825e-02,-1.746663348822752093e+00,3.120167209837648170e-01
-1.866639647628703935e+00,2.206668520632766306e-01,3.052395363605211465e-01
-1.820173393659024086e+00,-1.748071867917853961e+00,3.138267180335011508e-01
-1.861906848973859052e+00,1.826179213481244901e-01,3.058074274070132770e-01
-1.825558215531083661e+00,-1.764319963109048706e+00,3.102403623568595892e-01
-1.580412185455565277e-01,-1.651708354796874056e+00,3.137009318145812520e-01
-1.853102240959648039e+00,1.612729077811767553e-01,2.998780582569041120e-01
-1.829437645120919109e+00,-1.766059311307499380e+00,3.026174316357724270e-01
-1.789262305373325868e-01,-1.645271990692939390e+00,3.113255005237021145e-01
-1.856849180664922550e+00,1.686545842459847844e-01,3.020543535899820053e-01
-1.832784885806826303e+00,-1.757068432191721818e+00,3.054856325122689009e-01
-1.851944451370816536e+00,1.650058416127644367e-01,3.048987879341661378e-01
-1.838706228973268297e+00,-1.747440418502016701e+00,3.087784323431273514e-01
-3.041384769367184715e-01,-1.548098445262715561e+00,3.046865511015721673e-01
-1.841291016251713542e+00,-1.731718379046905731e+00,3.137854957959939628e-01
-1.858427717226214249e+00,1.846113173630774540e-01,2.961313764548476057e-01
-1.839356311507692965e+00,-1.714741855092468015e+00,3.204584758909604369e-01
-3.781310063320906245e-01,-1.490478734707806119e+00,3.104400212358531252e-01
-1.859697604895603540e+00,1.748042603510682191e-01,2.951442574860763668e-01
-1.850260611703430369e+00,-1.725331958155774448e+00,3.152761793518109590e-01
-4.020794519955581681e-01,-1.469452352653083160e+00,3.095598010836940195e-01
-1.859959559075662572e+00,1.472348402608298912e-01,2.941613060846481331e-01
-1.837877309580210561e+00,-1.727338057245862313e+00,3.102493821220437820e-01
-4.062979552991272669e-01,-1.461861667294999112e+00,3.033268928826658994e-01
-1.869899709785787678e+00,1.307534018568816681e-01,2.993087124586582548e-01
-1.848294315858628689e+00,-1.754857313086231274e+00,3.031085341617019702e-01
-4.047893334698769996e-01,-1.463215662113409810e+00,3.054539159154478489e-01
-1.883978764062123945e+00,1.162982650395294471e-01,2.999418968586179957e-01
-1.832283137654186822e+00,-1.758822142721125914e+00,3.016793115484933119e-01
-4.088467732974729874e-01,-1.462765941165503847e+00,3.030836789833736278e-01
-1.883574140912695150e+00,8.934877780845229545e-02,3.027830944272141278e-01
-1.840151571825707766e+00,-1.781254053931348835e+00,3.006555651270866880e-01
-4.020816382598433325e-01,-1.475509438011100682e+00,3.009479013282482796e-01
-1.874364116616539677e+00,6.233506544792644100e-02,3.086671697341932807e-01
-1.837614586846336051e+00,-1.789378666400221807e+00,2.991420793580467086e-01
-4.243077725117276877e-01,-1.462992047523221428e+00,3.004278932867711638e-01
-1.837284507082217688e+00,-1.792505457371777355e+00,3.050819552215111585e-01
-4.233820712180684787e-01,-1.477122108381957677e+00,3.012803096216151166e-01
-1.876642988158401248e+00,4.018646741827702762e-02,3.041773938120337917e-01
-1.846332774727699633e+00,-1.801489841811503734e+00,3.003481662713385902e-01
-4.453876573573988251e-01,-1.470688340428159879e+00,3.047688161950905528e-01
-1.852380633373857499e+00,7.828283974723904137e-03,3.111215167745016719e-01
-1.848379602968374558e+00,-1.799476803888850451e+00,3.060904991703033984e-01
-4.598190556407178442e-01,-1.470167155704384943e+00,3.054758484446158939e-01
-1.874304420888983636e+00,2.744071218915733468e-02,3.041247297088763846e-01
-1.847029166534421840e+00,-1.792756460440966482e+00,3.026037927616508916e-01
-4.670490606679668089e-01,-1.474729407684889360e+00,3.040326883020752491e-01
-1.856261669025440764e+00,-1.801119677344878989e+00,3.068112944100202522e-01
-4.838113581398849061e-01,-1.475389348465529604e+00,3.015358211555196344e-01
-1.879639078913230010e+00,1.779185105558223068e-02,3.048342021799115842e-01
-1.858087980797366701e+00,-1.799105873144512646e+00,3.021490640982545939e-01
-4.956507603731898359e-01,-1.481323046298445245e+00,2.994219827211735407e-01
-1.863900421935791973e+00,-7.486698153597037830e-04,3.063775082618142021e-01
-1.859547432586210025e+00,-1.792701071857646822e+00,3.021774727144326822e-01
-5.039211423238900700e-01,-1.493977138400862437e+00,3.026423887767930587e-01
-1.881187695019672201e+00,1.904047681395115710e-02,2.971161897979692768e-01
-1.872805764597829103e+00,-1.792125921228823193e+00,2.969683954616325061e-01
-5.153919450473034569e-01,-1.498855330813974485e+00,2.994568134647984103e-01
-1.869373060638238604e+00,-3.856143684486279533e-03,3.007094527963074526e-01
-1.871300197879699034e+00,-1.787843596661760959e+00,2.955081297234138371e-01
-5.245433353267090482e-01,-1.500615297822394112e+00,3.027868495745406063e-01
-1.880103745834182938e+00,2.369191446496832221e-03,2.944442791109256330e-01
-1.863635261032357215e+00,-1.779215964988717147e+00,2.940987678289315177e-01
-5.308246811214313299e-01,-1.508614517546914779e+00,3.040117039246842956e-01
-1.863630432892666722e+00,-1.777577394953526735e+00,3.008814287501958562e-01
-5.372009082780881961e-01,-1.512712396534015902e+00,3.042645283860675454e-01
-1.884161665510816208e+00,-1.678856638690928715e-02,2.954547115294913207e-01
-1.861015091019356138e+00,-1.777564450133490181e+00,3.008882468204422955e-01
-5.384245184333182888e-01,-1.518470135626053263e+00,3.055440474366686865e-01
-1.894518042183568340e+00,-3.079911963941317499e-02,3.017621119655934936e-01
-1.866511061919406078e+00,-1.796796758018658569e+00,3.039870378991729183e-01
-5.369803877481472698e-01,-1.525130983053003764e+00,3.082558001464113517e-01
-1.897058538681680950e+00,-5.334011563103446818e-02,3.023341511779250590e-01
-1.859969933211384596e+00,-1.804130236582176749e+00,3.029568261757980552e-01
-5.411506771786562808e-01,-1.530446074928871747e+00,3.031814482122270338e-01
-1.890205677662448291e+00,-7.978758036402910925e-02,3.019413609006421084e-01
-1.867754837917537714e+00,-1.820518947717433278e+00,2.985847991632979426e-01
-5.527501445432583260e-01,-1.532649281410275233e+00,3.069717433789503902e-01
-1.874121938623198869e+00,-9.727226894408169677e-02,2.985804446961223269e-01
-1.866544280563025016e+00,-1.813784146871030734e+00,3.001779533882535378e-01
-5.603786526737020157e-01,-1.550882194555194493e+00,3.039087627349982834e-01
-1.877020059191727652e+00,-7.612719012639290739e-02,2.948487652493196332e-01
-1.877249451489430232e+00,-1.805632522588909161e+00,2.987541926131845327e-01
-5.726725256000951836e-01,-1.569486487504499816e+00,3.011781513571758495e-01
-1.850594098452887692e+00,-7.285791608658309659e-02,2.945923444201599128e-01
-1.890719806826838933e+00,-1.787615739844746754e+00,2.985335863127202560e-01
-5.791289954512230942e-01,-1.595424297396227598e+00,2.965537646682341877e-01
-1.838198360535208797e+00,-4.664517474277363185e-02,3.031540025280233253e-01
-1.878882861630860823e+00,-1.749929057790988063e+00,2.985949325795414500e-01
-5.739811958559781768e-01,-1.633013594494995946e+00,2.917020505274994235e-01
-1.881319688008054936e+00,-1.726979420067783266e+00,3.026788698281494550e-01
-5.658943445122485150e-01,-1.674824906977047334e+00,2.868761107809714161e-01
-1.839465564474231041e+00,2.219074152400568600e-02,3.190977871354930828e-01
-1.873582933565118847e+00,-1.704943961440102296e+00,3.030129202290807178e-01
-5.502022227091041273e-01,-1.724861511880773302e+00,2.842099307175704470e-01
-1.870448250228424314e+00,8.441666195235830727e-02,3.168123310970346052e-01
-1.874592548586698992e+00,-1.691193637556618334e+00,2.990672171565815218e-01
-5.482587149240671920e-01,-1.761456410391471605e+00,2.823102509048105446e-01
-1.878319089534840280e+00,-1.679346467806462018e+00,2.939445630433439316e-01
-5.423842139969149434e-01,-1.810726000900887200e+00,2.815858409419571551e-01
-1.873436577915374102e+00,-1.659938161202786144e+00,2.894998731797615577e-01
-5.468020784776659315e-01,-1.851262088979414466e+00,2.848327810298186824e-01
-1.877222530954247404e+00,1.534330974156128402e-01,2.886576047662795519e-01
-1.873204844851968254e+00,-1.639366856248742454e+00,2.851669974453602818e-01
-5.525902109687143016e-01,-1.895315101805363778e+00,2.856134254661399363e-01
-1.880899267122272178e+00,-1.620715307812295336e+00,2.841976290796314752e-01
-5.638123536943880909e-01,-1.927019713810661505e+00,2.877310594512757502e-01
-1.878206283613227612e+00,-1.601404919371969937e+00,2.813590397434515555e-01
-5.781255660053116197e-01,-1.948786686973494220e+00,2.877751277669509111e-01
-1.880582498858541562e+00,-1.590488027722443354e+00,2.876810987481786541e-01
-5.931840479426807589e-01,-1.955416873524292054e+00,2.900858013315160688e-01
-1.881034251547470060e+00,-1.583727434836268877e+00,2.887388629939630080e-01
-6.101943433557712737e-01,-1.945309001085417933e+00,2.926677394915588870e-01
-1.872247991993021055e+00,-1.578379534188253608e+00,2.885018921626229527e-01
-6.185228334668053662e-01,-1.947224818674812008e+00,2.967271868471581531e-01
-1.914049748971270226e+00,2.421889144437285868e-01,2.930507163354666433e-01
-1.879221126843606315e+00,-1.585881327069643687e+00,2.877441945056961603e-01
-6.260938886329228126e-01,-1.947670851364500244e+00,2.977298396283514226e-01
-1.881240690053882947e+00,-1.590015411044452209e+00,2.874296992309796628e-01
-6.365403977220668308e-01,-1.950573784688976575e+00,3.010832092903342194e-01
-1.878899622827514992e+00,-1.586187983923673439e+00,2.893127379310837521e-01
-6.399630408911956003e-01,-1.946620251020740877e+00,3.098852105061665196e-01
-1.882682058462503916e+00,-1.594072788397256746e+00,2.964788700530330834e-01
-6.264080700323638728e-01,-1.946290540592830576e+00,3.104193838694673246e-01
-1.872683317044375961e+00,-1.613445009730845037e+00,3.028787426267467442e-01
-6.029636541424530094e-01,-1.929891927637652049e+00,3.013132661415827140e-01
-1.865039739849462253e+00,-1.651260165755829235e+00,2.990121453048964484e-01
-5.650431522261714079e-01,-1.922822400134129417e+00,2.939240144209080974e-01
-1.861580363248737324e+00,-1.708712099347882152e+00,2.884431813593567595e-01
-5.131916283298364467e-01,-1.922206050211816564e+00,2.910336902709263485e-01
-1.860134883624350977e+00,-1.774403594479139201e+00,2.889597818817418728e-01
-4.744683621282560493e-01,-1.894710942097016737e+00,2.883342876679307332e-01
-1.959732455390136519e+00,-2.921456727762150596e-01,2.879725782373276366e-01
-1.857518239645195024e+00,-1.848538231040518953e+00,2.858610197742819103e-01
-4.505816816921855983e-01,-1.854985602471387551e+00,2.888057647313675980e-01
-1.841328060587374971e+00,-1.915640974990561851e+00,2.857340592640428834e-01
-4.537980852256039421e-01,-1.791227646223330972e+00,2.936925715945651882e-01
-1.944517799313036033e+00,-5.079404047219385765e-01,2.894985483671799198e-01
-1.801524375506467823e+00,-1.965044456171948672e+00,2.911307236157564260e-01
-4.756609596975502896e-01,-1.717519984455504245e+00,2.966183239746259526e-01
-1.951325347646731601e+00,-5.902235323927227384e-01,2.884744118169281224e-01
-1.755464137537819713e+00,-2.005796145490152060e+00,2.957931154718093647e-01
-5.166948481388574654e-01,-1.639094890340536681e+00,2.994682854590063337e-01
-1.687568726002517616e+00,-2.018144174146834224e+00,2.995191032451235413e-01
-5.433281549768177454e-01,-1.583444569398258839e+00,3.019118659189444775e-01
-1.612784470877754561e+00,-2.007682363331513731e+00,3.031294776144993208e-01
-5.494867955189086661e-01,-1.548144917738278892e+00,3.023302723777619994e-01
-1.925172258835396777e+00,-8.275443127660517817e-01,2.965618988322968330e-01
-1.553261075893612508e+00,-2.001097158891746108e+00,3.011214331423617274e-01
-5.474170011223162824e-01,-1.524208386511334945e+00,3.029056693716941639e-01
-1.925967025678875011e+00,-8.886985320274238820e-01,2.957604157758181307e-01
-1.505877595951208070e+00,-2.002900768315809543e+00,3.046061877061553846e-01
-5.456365805558488491e-01,-1.500625563783885452e+00,3.040154089710279672e-01
-1.924328936989003980e+00,-9.462170959723679164e-01,2.981300770619839668e-01
-1.458700652228715366e+00,-2.002165210285338226e+00,3.068410075561230910e-01
-5.467259845702275856e-01,-1.473977046442960237e+00,3.079217622398734977e-01
-1.924470357138791332e+00,-9.971797576253061957e-01,2.921487082620040088e-01
-5.399505738995250548e-01,-1.451080582578734735e+00,3.122687354673782112e-01
-1.917632562371881288e+00,-1.050126930711491990e+00,2.909730154002601044e-01
-1.372462342264524793e+00,-1.996117348251516432e+00,3.102489338102115135e-01
-5.336238959045636054e-01,-1.425327491261014989e+00,3.105556839982482886e-01
-1.911454549146488269e+00,-1.094788058941542186e+00,2.958800351590544220e-01
-1.331728675997955191e+00,-1.999973200950281083e+00,3.102942881327532265e-01
-1.906256501784514334e+00,-1.133260847573954511e+00,3.019030750618418302e-01
-1.288838067746809202e+00,-1.992684356453347627e+00,3.106042069341756195e-01
-1.899709802539426118e+00,-1.167909645408170549e+00,3.037136887420615605e-01
-1.253263302321237171e+00,-1.988118986621877138e+00,3.056002044278790519e-01
-1.891468628825077491e+00,-1.191870197324680358e+00,3.010699836296756304e-01
-1.226884774051522298e+00,-1.983024437074338842e+00,2.992619735462279107e-01
-1.894589488869116156e+00,-1.208726503101056338e+00,3.026997237342892166e-01
-1.208698160178338643e+00,-1.987537782140029297e+00,2.968621841431281494e-01
-9.247154365482858074e-01,5.586607328021022667e-01,3.052844870431775659e-01
-1.888554187686485974e+00,-1.223812691265115271e+00,3.024024296090596087e-01
-1.192038220667614778e+00,-1.987664519847363476e+00,2.932431905947088802e-01
-9.395059071493887526e-01,5.778431063562494696e-01,3.151988395315006852e-01
-1.887462202537726785e+00,-1.233230638943695556e+00,3.042161657738012837e-01
-1.182506020540957437e+00,-1.987859029247884823e+00,2.918559873185235798e-01
-9.450680248477552059e-01,5.579156057422722803e-01,3.219176912277588731e-01
-1.885858425788692783e+00,-1.237192707302486427e+00,3.081262180479580892e-01
-1.179919820832384225e+00,-1.987580700730805949e+00,2.928113445270586479e-01
-1.886823423089842855e+00,-1.239207502457920107e+00,3.051954027499041433e-01
-1.179349275301310396e+00,-1.990858344736845975e+00,2.958497346479702639e-01
-1.886085952082718897e+00,-1.244855058550859317e+00,3.044292731003505614e-01
-1.179263243541358586e+00,-1.990976195060617293e+00,2.935707122545236358e-01
-1.887673604699344754e+00,-1.251034146285971094e+00,3.022758460525888924e-01
-1.175738289704273409e+00,-1.992220396811217764e+00,2.932731078472033404e-01
-1.892141587582520934e+00,-1.258729940018977533e+00,3.046828827171956799e-01
-1.175876267400497666e+00,-1.994630857544918312e+00,2.937361622483858348e-01
-1.895493171115563813e+00,-1.271539328722069540e+00,2.990614822441592380e-01
-1.175976358839721847e+00,-2.000941735849298908e+00,2.934325099210937093e-01
-1.896961065567119409e+00,-1.282587749752309936e+00,2.937001332701829059e-01
-1.174293484057725934e+00,-2.000841994232323007e+00,2.964216993284295443e-01
-1.892306595846005912e+00,-1.297416705751079702e+00,2.952450376829772738e-01
-1.173235753098538003e+00,-2.004202010729556171e+00,2.971570462938688539e-01
-9.263643542421173827e-01,5.388432581340363292e-01,2.966346123981428162e-01
-1.896110591368577625e+00,-1.313445603283228236e+00,2.912945855852203669e-01
-1.166474825923347280e+00,-2.002678628166582708e+00,3.006480444798623197e-01
-1.895870350273983096e+00,-1.330443739317094032e+00,2.914722698610660578e-01
-1.159161017188622411e+00,-2.005241022601460088e+00,2.990211119551929309e-01
-1.898090704038235543e+00,-1.345230377652341769e+00,2.934768179352621464e-01
-1.152687366900630783e+00,-2.009111181128015566e+00,2.945462853800997483e-01
-1.891409273469352836e+00,-1.352071954461474768e+00,2.982983703169150291e-01
-1.151197405671708474e+00,-2.007265603504399198e+00,2.961366521714948741e-01
-1.895521237632979084e+00,-1.355312381531992960e+00,3.061085827458936981e-01
-1.153846624852177483e+00,-2.011719840417447447e+00,2.966737178295943966e-01
-1.892631213392878653e+00,-1.353703324852938650e+00,3.031915607173423788e-01
-1.161622598145508389e+00,-2.008861942273278522e+00,3.000947149040920081e-01
-1.897758348225309977e+00,-1.350468672407656001e+00,3.032989086509585430e-01
-1.171224635455399232e+00,-2.013233990963058773e+00,3.010860532728551475e-01
-1.896038207553689237e+00,-1.348931708457180356e+00,3.041078129084239245e-01
-1.176631434852314140e+00,-2.011153938474407266e+00,3.011729428255778274e-01
-1.890498560050513754e+00,-1.355188976464733797e+00,3.000230654095904503e-01
-1.181878103218610976e+00,-2.022258647387198405e+00,2.997032299201941030e-01
-1.893420493263456628e+00,-1.357305394047013225e+00,2.979790214362776912e-01
-1.183671092903347599e+00,-2.022338095414809800e+00,3.002800646597121315e-01
-1.892564173165559804e+00,-1.363081808972410380e+00,2.983580371460390346e-01
-1.185267411818623939e+00,-2.027589705621084093e+00,2.990974150540944843e-01
-1.890940382019759447e+00,-1.364334765065557065e+00,3.000573240934619190e-01
-1.187555796211466452e+00,-2.025298987366107806e+00,3.012495010620156455e-01
-5.717464546634524192e-01,-1.548718727744179624e+00,3.063927668541034932e-01
-1.896248901127120412e+00,-1.366346229724371586e+00,3.047986282862454877e-01
-1.189740158146910254e+00,-2.026875946791992789e+00,3.016539561107276501e-01
-5.784889144343445810e-01,-1.558441966663397737e+00,3.049659808192104471e-01
-1.894972045367539160e+00,-1.369307283641115092e+00,3.044784909280979779e-01
-1.194326052145233241e+00,-2.026623943889124035e+00,3.044599995256327407e-01
-5.887187393802070234e-01,-1.565701401250105818e+00,3.030138182262788193e-01
-1.896623586921628579e+00,-1.373214286017978125e+00,3.072114660515025686e-01
-1.198234674295827418e+00,-2.032928493099120271e+00,3.069086515025443718e-01
-5.949161808486558289e-01,-1.571700450282066175e+00,2.996986935235730898e-01
-1.899609946900912671e+00,-1.377966971762449866e+00,3.012849233517842507e-01
-1.201339880705665886e+00,-2.033637311295185768e+00,3.018510617729531220e-01
-5.954123292001233247e-01,-1.577956851062552568e+00,3.062484250821276843e-01
-1.898340268914630480e+00,-1.386633220333950645e+00,2.900295399128046681e-01
-1.199950667410359051e+00,-2.032929063526641933e+00,3.049509199613634203e-01
-5.955534720519592984e-01,-1.580504910439520572e+00,3.129325659794404690e-01
-1.900358629909968844e+00,-1.404700273995604931e+00,2.802947071042429794e-01
-1.194593230684925622e+00,-2.034509426454480074e+00,3.084306758231034618e-01
-5.908358042822260403e-01,-1.571430864307168163e+00,3.164619676164645012e-01
-1.902683470170594138e+00,-1.420889743001022998e+00,2.785928205554334403e-01
-1.183078659298289370e+00,-2.030847745118276038e+00,3.089433036251273967e-01
-5.858499159468635309e-01,-1.560195311844172261e+00,3.095659862004859209e-01
-1.898157788416515279e+00,-1.439978719738351565e+00,2.867620646816246288e-01
-1.165367786573549891e+00,-2.032252685850118645e+00,3.071425029797499318e-01
-5.767107981196557542e-01,-1.542823238894770688e+00,3.044386681076864387e-01
-1.888852133162822522e+00,-1.456692135439893843e+00,2.948704974997786721e-01
-1.147978131044949945e+00,-2.031404707047534064e+00,3.077224631852294445e-01
-5.746292450065295654e-01,-1.523741562793758497e+00,3.008912513208043538e-01
-1.893826950760642891e+00,-1.477733407136695210e+00,3.000771591152769924e-01
-1.125536775272754975e+00,-2.027811933178817583e+00,3.065441086369873891e-01
-5.497922742500594984e-01,-1.501066252570734116e+00,2.981217816415568933e-01
-1.883778341163985015e+00,-1.502044177453210949e+00,3.041398330239886150e-01
-1.095394188567598848e+00,-2.022461215853232464e+00,3.029012540683546084e-01
-1.878327871042958730e+00,-1.530325778881833632e+00,3.024430860495165851e-01
-1.064954932875048499e+00,-2.026352170256323859e+00,2.985338001682120712e-01
-1.878498832746697822e+00,-1.562416181536860016e+00,2.977986124450394123e-01
-1.034141047466563768e+00,-2.023117524848510040e+00,2.940299644555715575e-01
-1.877268603413710046e+00,-1.600255164019230847e+00,2.991860873875915039e-01
-1.000828374092649131e+00,-2.029046248597703439e+00,2.936426034953514841e-01
-1.872928864276163452e+00,-1.640653675999681926e+00,2.950623650653660945e-01
-9.673870375103610364e-01,-2.024499032747203220e+00,2.937424858961958929e-01
-1.869601076527465100e+00,-1.678871694748739429e+00,2.930844938088493223e-01
-9.342747219239596612e-01,-2.021401620754501582e+00,2.957036873114696762e-01
-1.867007038581388834e+00,-1.715622865658492202e+00,2.940786978552833442e-01
-9.028569692337804486e-01,-2.020123561993046657e+00,2.973907529232053260e-01
-1.864483002429361491e+00,-1.749834090756273497e+00,2.941737214286527236e-01
-8.724582472331088301e-01,-2.025615205312796263e+00,3.002286311536030428e-01
-1.862596222018389813e+00,-1.777123437673290063e+00,3.027229896832151490e-01
-8.503867923149749375e-01,-2.024568007983160278e+00,2.853662894308415798e-01
-1.869277924327259033e+00,-1.791703175335153553e+00,3.021345203954049485e-01
-8.376464712742484053e-01,-2.026377061529121448e+00,2.749736623391123014e-01
-1.883426237403301284e+00,-1.786745271368424648e+00,3.086801359946477752e-01
-8.469242547549428179e-01,-2.033306475430335603e+00,2.755257604529075532e-01
-1.900426193723618873e+00,-1.766113662739327905e+00,3.146993096313939198e-01
-8.761377547886335382e-01,-2.040173201598581620e+00,2.883827174434935858e-01
-1.911075556088850824e+00,-1.734879666454558489e+00,3.142739744845640115e-01
-9.094219792651937473e-01,-2.037365187463612504e+00,2.963123037310979591e-01
-1.906497196734549648e+00,-1.706061397925870526e+00,2.962851885601688884e-01
-9.445872874195896385e-01,-2.039716410776480693e+00,3.179568004371047807e-01
-1.896305817580672404e+00,-1.691867279586018125e+00,2.828708749598544681e-01
-9.657842605342356057e-01,-2.037610234517264640e+00,3.313728438609703786e-01
-1.891080290106367912e+00,-1.695601938587751434e+00,2.832288596768200439e-01
-9.698477012812898312e-01,-2.035414379992545264e+00,3.293051220377998800e-01
-1.874129308164608432e+00,-1.709300338242146555e+00,2.816694328573987605e-01
-9.557399062461326977e-01,-2.034221551923672155e+00,3.199723223508718073e-01
-1.859914763693396367e+00,-1.734679099607051356e+00,2.846213613588960412e-01
-9.309603859941918413e-01,-2.030834843258876976e+00,3.076330900101206245e-01
-1.852469083106627501e+00,-1.766470665868173473e+00,2.855310035597633522e-01
-9.011901341728081327e-01,-2.029024896408019973e+00,2.999406302376813049e-01
-1.853148184687973821e+00,-1.803254445144246709e+00,2.887253090578116299e-01
-8.710076243804391050e-01,-2.027374987033616183e+00,2.955738491954787439e-01
-1.853344993454792533e+00,-1.837962626652520193e+00,2.944359482428949293e-01
-8.445213048855548799e-01,-2.022935039170111526e+00,2.922061525168573315e-01
-1.856585952369650627e+00,-1.870849867339532180e+00,3.011989029349571578e-01
-8.193151929573955217e-01,-2.020943975421849448e+00,2.947856052420711470e-01
-1.855386185696276780e+00,-1.905201911047598617e+00,3.066721183297477782e-01
-7.921570835121418686e-01,-2.023131462956885507e+00,2.956495480671688658e-01
-1.853847522829608963e+00,-1.942755502202901940e+00,3.041352958874158352e-01
-7.669849525553631420e-01,-2.023663361850731146e+00,2.965411149528409118e-01
-1.847511308215121328e+00,-1.992048490948247208e+00,3.003617717054348768e-01
-7.444728002369804809e-01,-2.036136464115947398e+00,2.988450188180162281e-01
-1.836230405849275549e+00,-2.024942772372332112e+00,2.973161611592182174e-01
-7.172698458851554104e-01,-2.041148019736240382e+00,2.905592977850029457e-01
-1.828492336598054546e+00,-2.035911894497490771e+00,2.927691064922511299e-01
-7.070680519889289695e-01,-2.040715864585634698e+00,2.828951123509047538e-01
-1.823126521349213158e+00,-2.028851261879708545e+00,2.959763075647013353e-01
-7.114769229008229834e-01,-2.045759651805186152e+00,2.835554935953669697e-01
-1.834415610988729073e+00,-2.014517602117330775e+00,2.985818652995913536e-01
-7.277243058193052505e-01,-2.053822607860926297e+00,2.882633583391257526e-01
-1.858681857141646798e+00,-1.991106573740731411e+00,3.047823135739782252e-01
-7.568582586272495361e-01,-2.058560264056997102e+00,2.970520212443619190e-01
-1.880925756171321517e+00,-1.965232885354864178e+00,3.027078973361555514e-01
-7.867800684553525326e-01,-2.058498009727093958e+00,3.136088435511268924e-01
-1.888966177048550854e+00,-1.949971147266378324e+00,3.014734462698954176e-01
-8.107839774259427701e-01,-2.052697560916456165e+00,3.273080810756724968e-01
-1.884816516703205380e+00,-1.944585167340612042e+00,3.015628660511319725e-01
-8.157337416055951973e-01,-2.051975342425324644e+00,3.289009399567098257e-01
-1.872431711291175249e+00,-1.948995987584019929e+00,2.982532098018391697e-01
-8.041182002532805129e-01,-2.051584528201703339e+00,3.224778556778893912e-01
-1.857031648671097823e+00,-1.960073678484013371e+00,2.984781676442721521e-01
-7.878648931722642690e-01,-2.044356367484235548e+00,3.152971233487610880e-01
-1.849292213635887361e+00,-1.984580433413655642e+00,2.923669869906502239e-01
-7.647035094056815474e-01,-2.040013115466813076e+00,2.997534893183039229e-01
-1.836566178439672736e+00,-2.011553954412900858e+00,2.890672899071579649e-01
-7.351058502252821869e-01,-2.039010468019240907e+00,2.960876339465481344e-01
-1.812097927090424498e+00,-2.036292031331698560e+00,2.926250182598184590e-01
-7.026773052246100271e-01,-2.038023497617757585e+00,2.935661895353564033e-01
-1.788062991103338994e+00,-2.060226331267712929e+00,2.909831654186770811e-01
-6.744645196052609926e-01,-2.035426671603874915e+00,2.928328026000054929e-01
-1.760477673686207334e+00,-2.081081836463286372e+00,2.911260193460177836e-01
-6.440035525627872959e-01,-2.034699913072337107e+00,2.959482640767731043e-01
-1.725067894887947872e+00,-2.089173565703024149e+00,2.894860172202342596e-01
-6.163179858206548900e-01,-2.034691523085330633e+00,2.804115378702506378e-01
-1.692532915890763601e+00,-2.084026186314519080e+00,2.951319303115326198e-01
-5.989578896817819853e-01,-2.039076493515596056e+00,2.647479350293472367e-01
-1.672004244589685440e+00,-2.066625661203473463e+00,2.981986630670732663e-01
-5.986721636003996538e-01,-2.047701678943079084e+00,2.685317317357566735e-01
-1.682757464175321127e+00,-2.057028179845507232e+00,2.975590862865437058e-01
-6.180514056455570504e-01,-2.052444376909503543e+00,2.792834828585161189e-01
-1.706338869768353916e+00,-2.047376310314719561e+00,2.969777633205349376e-01
-6.435677428087333007e-01,-2.059276787392876340e+00,2.884390077736122548e-01
-1.751248653135573097e+00,-2.044278298901992752e+00,2.934530683420827901e-01
-6.755870391097771321e-01,-2.058215337409234458e+00,2.960705230346174499e-01
-1.776124870412937318e+00,-2.028782237846787240e+00,2.896102064197881298e-01
-7.015769744035463829e-01,-2.062157499554325923e+00,3.102720332447350127e-01
-1.812224523159296385e+00,-2.033428320687297397e+00,2.899191687775237170e-01
-7.192115601557553806e-01,-2.059206020173276919e+00,3.255586541193503658e-01
-1.819983814205593742e+00,-2.037466122534361990e+00,2.924440445160295110e-01
-7.216827280587148064e-01,-2.053291656125853848e+00,3.238968131561797970e-01
-1.804182631098159240e+00,-2.042967369002652411e+00,2.857277553435469963e-01
-7.089042034774178935e-01,-2.047434331350976411e+00,3.177466909288337860e-01
-1.785244434308936423e+00,-2.062288343022984805e+00,2.922609088770932173e-01
-6.831253437078316226e-01,-2.043162426897925155e+00,3.093696629220667460e-01
-1.755774258470336857e+00,-2.088909640636392950e+00,2.848121469070461487e-01
-6.491550044620135740e-01,-2.040824155188210920e+00,2.990814407674422526e-01
-1.709727235674703749e+00,-2.109025229066181950e+00,2.855827650249049277e-01
-6.118134055523833936e-01,-2.039982702929210134e+00,2.944906946812384518e-01
-1.638629347155663663e+00,-2.115403390608026513e+00,2.865885226857717849e-01
-5.734153985460677116e-01,-2.035478551357239763e+00,2.883951101563968500e-01
-1.556631599501258290e+00,-2.105666503362538577e+00,2.968028467632391476e-01
-5.355659526160414519e-01,-2.035369784469600596e+00,2.934389110086193519e-01
-1.480971348292168921e+00,-2.093468450404922354e+00,2.893958205287653351e-01
-5.016754864003835079e-01,-2.033248161735115911e+00,2.876261555463157094e-01
-1.432701838411328588e+00,-2.078179902031081827e+00,2.777600516671817621e-01
-4.700097406492864116e-01,-2.040507419822406021e+00,2.815952818761461307e-01
-1.413247545523724336e+00,-2.064425072698299779e+00,2.830735376178524221e-01
-4.646566794923678856e-01,-2.053991055156906054e+00,2.864647261745886242e-01
-1.417639853483501078e+00,-2.051666027753867194e+00,2.921163163578441302e-01
-4.815296542533162305e-01,-2.061467561508410817e+00,2.940202158515393682e-01
-1.444697968101624097e+00,-2.048116339958373278e+00,3.043398191063926839e-01
-5.094395101176754093e-01,-2.066765476042333738e+00,3.052489356052001668e-01
-1.479248376312252145e+00,-2.040497594370799472e+00,3.140532940905748638e-01
-5.511918386714067530e-01,-2.063820294540827938e+00,3.083863196892167036e-01
-1.524838348308794833e+00,-2.037458689494428210e+00,3.190621812834146254e-01
-5.914994232952039965e-01,-2.063242765585813210e+00,3.117387616867484113e-01
-1.576502899597443053e+00,-2.036652672742796710e+00,3.261005058787236344e-01
-6.205933588941041634e-01,-2.063690111607224598e+00,3.205393106848632989e-01
-1.639160667035076901e+00,-2.057205804400415339e+00,3.292151313486337272e-01
-6.418952893992467823e-01,-2.057853640254163619e+00,3.307470835579876534e-01
-1.664043208669930607e+00,-2.071695969338525067e+00,3.217629094500136233e-01
-6.406893622322147319e-01,-2.053150250730479964e+00,3.270507542324416206e-01
-1.667291891064492049e+00,-2.086344230033938540e+00,3.119333389561197434e-01
-6.250294629854736828e-01,-2.050308962162866067e+00,3.167800372435233269e-01
-1.644673580082785636e+00,-2.094588372473199733e+00,3.030441864304500577e-01
-6.046088931736104399e-01,-2.042280448199185638e+00,3.089032053468970251e-01
-1.601305178815012331e+00,-2.097969709679914363e+00,2.935935969545718227e-01
-5.706926982050718467e-01,-2.042979426527153031e+00,2.994231398015329004e-01
-1.543655702032728172e+00,-2.091085246665898900e+00,2.891078977707974285e-01
-5.364142670700340343e-01,-2.042572284307953456e+00,2.991171024120240496e-01
-1.490176479753383632e+00,-2.080866525422478741e+00,2.811498356428690504e-01
-5.069101025746788336e-01,-2.039353396176028177e+00,2.869714857553875009e-01
-1.458536491758219533e+00,-2.061250676878853660e+00,2.782177060225969334e-01
-4.894863538691044957e-01,-2.043401862152543824e+00,2.764149109834491136e-01
-1.465927349055053064e+00,-2.049596408595061536e+00,2.845821399025854626e-01
-4.948746007842793615e-01,-2.053628434866027419e+00,2.774896904013319232e-01
-1.494831276391723085e+00,-2.040146805185012013e+00,2.952510501830876155e-01
-5.252392842487686453e-01,-2.057771459293009197e+00,2.849680379867278179e-01
-1.539247110596688284e+00,-2.031140122197524267e+00,3.058889995176312104e-01
-5.591702883774811728e-01,-2.069439486991739852e+00,2.938648070266531853e-01
-1.606291555937777060e+00,-2.026465074449834258e+00,3.113147846182079403e-01
-6.054823964152689086e-01,-2.060778994884585380e+00,2.966321050177850860e-01
-1.699671999529438704e+00,-2.031329592760798608e+00,3.142409772619743635e-01
-6.422044647015494601e-01,-2.062197368757069160e+00,3.089880552112507783e-01
-1.775674980075107268e+00,-2.042899806065504364e+00,3.156200848666028125e-01
-6.640840222466313225e-01,-2.061667729823672524e+00,3.235135956051200523e-01
-1.796271183690597573e+00,-2.047042765359709637e+00,3.034361828208426703e-01
-6.691948858343241824e-01,-2.052735492150493002e+00,3.191400572562220761e-01
-1.791553328687079727e+00,-2.057041144532180788e+00,2.933276855210203982e-01
-6.573314140887307477e-01,-2.053557862243518883e+00,3.120230108552616843e-01
-1.772238688530928474e+00,-2.075910464581777415e+00,2.836905155434678028e-01
-6.334691846950848415e-01,-2.049303852440598650e+00,3.026932870212161175e-01
-1.741312708472054549e+00,-2.104247176962002808e+00,2.759488838096370578e-01
-6.039749982597932831e-01,-2.042900088174770978e+00,2.942099797915850301e-01
-1.682383694333852375e+00,-2.125040521340477717e+00,2.764074439401047467e-01
-5.612430773627365976e-01,-2.040975087515753295e+00,2.916953415551230555e-01
-1.608995631068043997e+00,-2.133958370171794350e+00,2.761174890918192126e-01
-5.203608488884747807e-01,-2.036620978157237083e+00,2.846464482690236886e-01
-1.510211058250112925e+00,-2.111390734929995627e+00,2.819930768771051754e-01
-4.777541254367320689e-01,-2.037127583053419233e+00,2.881303530597608686e-01
-1.441862428256049267e+00,-2.086987500005047735e+00,2.818046416419670575e-01
-4.506262286719830978e-01,-2.036116027594704114e+00,2.835046207423014275e-01
-1.410961749174538316e+00,-2.058788612811428553e+00,2.778904430387451052e-01
-4.438275126320427866e-01,-2.040353317111980758e+00,2.786034506393577082e-01
-1.419584018983350848e+00,-2.041012045094225513e+00,2.849970626070169599e-01
-4.584628741424670029e-01,-2.048987999920577785e+00,2.797502460144118963e-01
-1.447415561666084205e+00,-2.027934276096064803e+00,2.966384449530284351e-01
-4.892870327128083785e-01,-2.056486796719963372e+00,2.860802456816548545e-01
-1.500081635563451421e+00,-2.026875873265766348e+00,3.108212206833008695e-01
-5.289393832514321936e-01,-2.060600350822842319e+00,2.949660830982533399e-01
-1.567613108266121547e+00,-2.031805924060138935e+00,3.210783269513502458e-01
-5.721778182190552231e-01,-2.061221703511875614e+00,3.058699329480417117e-01
-1.647588541894384306e+00,-2.038200599028775706e+00,3.220224142798175371e-01
-6.064274624561134530e-01,-2.061577685359784251e+00,3.209648238075803461e-01
-1.713099180314592296e+00,-2.050697156154992484e+00,3.204464052360477266e-01
-6.256273075430532904e-01,-2.065449890527581989e+00,3.355223051857572081e-01
-1.750947965051394162e+00,-2.063841722271001267e+00,3.079756909330370607e-01
-6.310682200487143234e-01,-2.056123094505362570e+00,3.320957970304169726e-01
-1.758746776708766335e+00,-2.077388227332508386e+00,3.019794400431344839e-01
-6.201692639891907000e-01,-2.050580190443816342e+00,3.200785197843620811e-01
-1.737436071921038439e+00,-2.092640716346832797e+00,2.915168192645185563e-01
-5.954849079960995439e-01,-2.045492731687135191e+00,3.052865960603235451e-01
-1.702532373109968411e+00,-2.115539181301389515e+00,2.779714163821485617e-01
-5.608458545710883758e-01,-2.047471831382331686e+00,2.956555692193074680e-01
-1.637958622350189408e+00,-2.132113280575639980e+00,2.782633246649562353e-01
-5.262580016176828801e-01,-2.042976093315087560e+00,2.921662635714377676e-01
-1.548142871616854599e+00,-2.128976090900573048e+00,2.736227728769124456e-01
-4.863821403494643092e-01,-2.043331321807178913e+00,2.880838608538218160e-01
-4.465598914291019628e-01,-2.042867263352994733e+00,2.879213934536066777e-01
-1.374375890883337448e+00,-2.098875900727640964e+00,2.817519486463520573e-01
-4.230969601800780855e-01,-2.025181736214217043e+00,2.868082434095661215e-01
-1.326999172247720349e+00,-2.098858853827119120e+00,2.850359769962034773e-01
-4.540338378401276853e-01,-1.953390056268877073e+00,2.871225674205696299e-01
-1.275901113930904218e+00,-2.087807335032676015e+00,2.929870543844722008e-01
-4.971148256569281054e-01,-1.889875738435428332e+00,2.929707783933538923e-01
-1.231774028862970161e+00,-2.079798029953622063e+00,2.963607293563820244e-01
-5.076755670386134955e-01,-1.837882151739690828e+00,2.960065379062046254e-01
-1.198359538922869394e+00,-2.085777274019595229e+00,2.911034832294337460e-01
-5.213520959006491262e-01,-1.807017202060516192e+00,2.976414013907882627e-01
-1.160572751690843507e+00,-2.085070166376888245e+00,2.932070742914019701e-01
-5.326392667496520072e-01,-1.789033584913245711e+00,3.010735172569698470e-01
-1.128224236290822358e+00,-2.079336164757975336e+00,2.972972007591032084e-01
-5.376458374098173065e-01,-1.774390727689973524e+00,3.019270157180181657e-01
-1.105958633525206736e+00,-2.078935971883047351e+00,3.036773329349035655e-01
-5.412903545869196531e-01,-1.764556257897019531e+00,3.040381582889147838e-01
-1.084893721875517247e+00,-2.071693326617523478e+00,3.054513251630187609e-01
-5.410554305449362111e-01,-1.753426347822461873e+00,3.037068793203361872e-01
-1.068777350195613041e+00,-2.071540017376187315e+00,3.070152469863015043e-01
-5.417533150786387752e-01,-1.736049350644679024e+00,3.024678361767774160e-01
-1.877835596997678103e+00,-9.271285204644679201e-01,2.830970736060600679e-01
-1.049999640285555813e+00,-2.060508029668175922e+00,3.069664470219298780e-01
-5.596391924016743680e-01,-1.710294729685426729e+00,3.007797139330941616e-01
-1.882650850142357557e+00,-9.640131125396756984e-01,2.927235738788876995e-01
-1.035136854381845772e+00,-2.058828094791766539e+00,3.034856965967280273e-01
-5.693948913508690701e-01,-1.688402696950119797e+00,2.995552378563517415e-01
-1.882711088423794754e+00,-9.952753283048485500e-01,2.996869222909714359e-01
-1.021082845527733207e+00,-2.053004571306615400e+00,2.985545956924427480e-01
-5.786186345733737024e-01,-1.667506494956081609e+00,2.961765388020263789e-01
-1.879290776356231429e+00,-1.022096598356591501e+00,2.976065602810250010e-01
-1.007507843904222877e+00,-2.052125213463892539e+00,2.955946439012382965e-01
-5.869550290452039132e-01,-1.649834480950185922e+00,2.932501934878914973e-01
-1.869397965775810855e+00,-1.054283913497294112e+00,3.007091234590211770e-01
-9.933719111029779558e-01,-2.053644824229957422e+00,2.938138680193431718e-01
-5.849690470414350418e-01,-1.636619392077059310e+00,2.955137397842704239e-01
-1.863196296627577020e+00,-1.082932923402521563e+00,2.915903710574789809e-01
-9.755498038546277506e-01,-2.047960442350459598e+00,2.916990964077669224e-01
-5.756832105685112388e-01,-1.625394513081396486e+00,2.963620348298998119e-01
-1.867676927951595234e+00,-1.107571203259746451e+00,2.797712528112318298e-01
-9.626833658874653921e-01,-2.050411292114232786e+00,2.879096369380959586e-01
-5.752476128951268253e-01,-1.610720191313650629e+00,2.949999951823643607e-01
-1.871274949794851539e+00,-1.136968555689998439e+00,2.784915200098417309e-01
-9.478814613000110523e-01,-2.045278558021716986e+00,2.895198018509664295e-01
-5.641636633840787507e-01,-1.598131781086049363e+00,2.941470514219390320e-01
-1.880007963197245280e+00,-1.163090119947249645e+00,2.771608298647208479e-01
-9.349021372384654915e-01,-2.042023897911532160e+00,2.874562451658644879e-01
-5.633903917672145045e-01,-1.582509969242426928e+00,2.916956243644028834e-01
-1.879072742632626358e+00,-1.193515196772525488e+00,2.848386124530590258e-01
-9.221300617761504226e-01,-2.042177234065235325e+00,2.888038549313152736e-01
-5.470923070289793744e-01,-1.572347468866511999e+00,2.945199941452580350e-01
-1.876041282864289617e+00,-1.227415086154604040e+00,2.877916226509332209e-01
-9.056142925207153471e-01,-2.043685210240310024e+00,2.925193576920666616e-01
-5.374234161758961736e-01,-1.559782400951615911e+00,2.941161478923540185e-01
-1.871189158942642372e+00,-1.264782853235998816e+00,2.936575964219845791e-01
-8.868017755950508008e-01,-2.040176901194851400e+00,3.000785079276629963e-01
-1.874073254145700362e+00,-1.303878946496853430e+00,3.081003249262713739e-01
-8.684559479089057898e-01,-2.035451852999420108e+00,2.857076691036591898e-01
-1.875914990971029983e+00,-1.338016924413400810e+00,2.971443181130411504e-01
-8.630295477595427700e-01,-2.033636087436406115e+00,2.793619723696815216e-01
-1.867783792817619082e+00,-1.348887806462627958e+00,2.950367527902018061e-01
-8.725641415143650104e-01,-2.032052095063495933e+00,2.825415829578453164e-01
-1.869550391327216454e+00,-1.340718611432735408e+00,2.979828295093287505e-01
-8.907532706617057316e-01,-2.039108525793390303e+00,2.928192132453655283e-01
-1.868000207713704564e+00,-1.327545771119187146e+00,3.057756858728543636e-01
-9.160830437423348460e-01,-2.043762519254950227e+00,2.999189571468711124e-01
-1.867811521649173523e+00,-1.298256800819103773e+00,3.034015022771237580e-01
-9.477088090448262392e-01,-2.040324384738116503e+00,3.105468340446470576e-01
-1.866377899994321687e+00,-1.257282989856312039e+00,3.049544074170161267e-01
-9.832435185027804669e-01,-2.043975551969180682e+00,3.146174881240698107e-01
-5.706711419038107413e-01,-1.583155204326261112e+00,3.122423532359455689e-01
-1.868350757075310398e+00,-1.214710254331076822e+00,3.034710824389293404e-01
-1.015488664996342827e+00,-2.039214286909523111e+00,3.291088821604462034e-01
-5.865939273419787936e-01,-1.595696985210751206e+00,3.104888094904849072e-01
-1.867817506018083273e+00,-1.167153114281853643e+00,3.063304283544720508e-01
-1.036154763652767041e+00,-2.032832185353424137e+00,3.398108367744833158e-01
-5.909400110267556405e-01,-1.605778630213637648e+00,3.102289996674157946e-01
-1.877330059795351280e+00,-1.134558369515373810e+00,3.030103892339341964e-01
-1.043823608212074205e+00,-2.038965813047760367e+00,3.295972150801314560e-01
-5.916672181836791777e-01,-1.601738330064455429e+00,3.083433429488265376e-01
-1.887690963960568125e+00,-1.119113420618553345e+00,2.991429535670103168e-01
-1.034929732117237267e+00,-2.035957701486348803e+00,3.171726244559330832e-01
-5.814841608554129904e-01,-1.590130672917745791e+00,3.075095762449396863e-01
-1.888456400718564687e+00,-1.125923522845252434e+00,2.972975221582084271e-01
-1.014883345936842041e+00,-2.040155268360972496e+00,3.008347638050489770e-01
-5.658272307588954053e-01,-1.576059350358728794e+00,3.015991687664159593e-01
-1.887599292465343526e+00,-1.152469537252635234e+00,2.957436478647099687e-01
-9.874814507706368705e-01,-2.034461944926922783e+00,2.880436091577465718e-01
-5.443518793045910575e-01,-1.557303877623336330e+00,2.943966949768365149e-01
-1.882174589574382439e+00,-1.187498090389089045e+00,2.901451523804661758e-01
-9.618061506599265842e-01,-2.031938829942938174e+00,2.769266622968530323e-01
-4.900132988806992773e-01,-1.547344873108134067e+00,2.948487718047112516e-01
-1.881786561201064911e+00,-1.223781658159775798e+00,2.770996247150835923e-01
-9.337739511656626412e-01,-2.037266312007679048e+00,2.772867641166138486e-01
-1.883185469076682050e+00,-1.269022098997109937e+00,2.826345518521684030e-01
-9.092388234866152219e-01,-2.031750327604218143e+00,2.691660189980654150e-01
-1.882382442636091557e+00,-1.313037662952012408e+00,2.813972158808589752e-01
-8.984537429459376057e-01,-2.029807310634478945e+00,2.626808072263923655e-01
-1.883750494179473822e+00,-1.333209066166309853e+00,2.742219428942760384e-01
-9.078921789396263708e-01,-2.036863269822979827e+00,2.703630904450185501e-01
-1.884819364624009896e+00,-1.336540100676776754e+00,2.817969274128958035e-01
-9.284646559396730892e-01,-2.042417214279664162e+00,2.871758255080517075e-01
-1.881866917334983791e+00,-1.325571458038161676e+00,2.957367673286681597e-01
-9.570156190961747189e-01,-2.039225865876924004e+00,3.000213829795352338e-01
-1.880331420726540914e+00,-1.297121155516186564e+00,3.029418829503899846e-01
-9.954510637754876434e-01,-2.038729676327085905e+00,3.122704789600890263e-01
-1.882105370127246546e+00,-1.254081302601718351e+00,3.076802024959345294e-01
-1.041795943966826066e+00,-2.040932881464553983e+00,3.185428019143303202e-01
-1.876541278289516779e+00,-1.206246956079867205e+00,3.092890031695468833e-01
-1.088340591992490447e+00,-2.035243010472936653e+00,3.186136330694428476e-01
-5.995506385395026339e-01,-1.595081087226412508e+00,3.139378735218319449e-01
-1.882629315317099650e+00,-1.141187417849946595e+00,3.106750375439960576e-01
-1.132963200196516196e+00,-2.028206214309444366e+00,3.260522325659552800e-01
-6.144001900195061872e-01,-1.618548667191727297e+00,3.133204390688186791e-01
-1.883583218950015681e+00,-1.079374964128352765e+00,3.029687725505431639e-01
-1.163769790047908925e+00,-2.031867272220445386e+00,3.381211012238294344e-01
-6.189597421698678215e-01,-1.636653314574504359e+00,3.114201759035584716e-01
-1.887065684666178411e+00,-1.041121628268302235e+00,3.043258675626998588e-01
-1.179437004909972497e+00,-2.046243824254454502e+00,3.370147520946968345e-01
-6.152783580614100689e-01,-1.642693954133718437e+00,3.094190366385587421e-01
-1.899302304913051298e+00,-1.029368052206770301e+00,3.028736613988251558e-01
-1.169573779456097640e+00,-2.045597030454302079e+00,3.271454634113389326e-01
-6.042310948089368861e-01,-1.636569382879169865e+00,3.072197906474198881e-01
-1.904661349134559423e+00,-1.039392771825327522e+00,3.025029225291734347e-01
-1.148176074630736121e+00,-2.051315091638717725e+00,3.139558396428641651e-01
-6.003736133232264738e-01,-1.617945983833563472e+00,3.040725312089927468e-01
-1.899296283620063752e+00,-1.066853127926423284e+00,2.998819755124024766e-01
-1.119153298174973221e+00,-2.051513283698412682e+00,2.998931183106952614e-01
-5.942447496556979569e-01,-1.597608118308354141e+00,3.016584861508332938e-01
-1.903490679167683108e+00,-1.099001912165533223e+00,2.934154738276024688e-01
-1.086260470389834865e+00,-2.045826496103805958e+00,2.887791189744023934e-01
-5.797311688995875345e-01,-1.580431540478853814e+00,3.001194016274273402e-01
-1.898829728986158871e+00,-1.139515008145909558e+00,2.788449969818001528e-01
-1.057744589946747471e+00,-2.046005732611877903e+00,2.876303025699412652e-01
-5.720936061493564484e-01,-1.560111183467927543e+00,2.994459298839574068e-01
-1.890741001613225336e+00,-1.181867486523029420e+00,2.774288420245123454e-01
-1.030355797791283834e+00,-2.040359177020154124e+00,2.849274280737331133e-01
-5.459826292988592122e-01,-1.544463481655223180e+00,3.001291701824743141e-01
-1.891823115290760526e+00,-1.222688749257552665e+00,2.750212460251351687e-01
-1.008423170130020807e+00,-2.038983231995417533e+00,2.886733719632157968e-01
-5.126018218198706844e-01,-1.531971065136612298e+00,2.953706264039873131e-01
-1.897578547586977749e+00,-1.267616198998497978e+00,2.878890602227941464e-01
-9.879022431970533313e-01,-2.033390647207385715e+00,2.946748109281031036e-01
-1.891887155464764048e+00,-1.307995851011541699e+00,2.977841588226138314e-01
-9.754334226892430459e-01,-2.031322405479603077e+00,2.806933858963997497e-01
-1.893413788216818938e+00,-1.336656600638829628e+00,2.958085468541437058e-01
-9.706781098941561492e-01,-2.026894909120045885e+00,2.700896524405702048e-01
-1.892022367616468248e+00,-1.345553455579061364e+00,2.823608564882794658e-01
-9.806651190079697100e-01,-2.035517612738038107e+00,2.751508478285512593e-01
-1.892935993950176865e+00,-1.346653996331001135e+00,2.877511939665793883e-01
-9.983513062631861334e-01,-2.033598554094094624e+00,2.859395035191969470e-01
-1.895527522853087454e+00,-1.335325104279875941e+00,2.896845896304231505e-01
-1.024776631818426376e+00,-2.042374394847823016e+00,2.971860053382479050e-01
-1.895223403280331897e+00,-1.317748737396013725e+00,2.969128495612912699e-01
-1.054118827729266794e+00,-2.041316190599658409e+00,3.030972432944707973e-01
-1.895888604011257472e+00,-1.288684131457589199e+00,2.979370795630056357e-01
-1.087127645857294267e+00,-2.038410684796541084e+00,3.063689211636943521e-01
-5.973760385993036603e-01,-1.574454198122368753e+00,3.035865370827951493e-01
-1.892323895171987402e+00,-1.254160823552555648e+00,2.947432930800020778e-01
-1.118851882664229969e+00,-2.036220788250401537e+00,3.227273211968108013e-01
-6.177659191053102017e-01,-1.591334059617411256e+00,3.040549937986249951e-01
-1.890412750471798908e+00,-1.218982113719080385e+00,3.043214493532785947e-01
-1.139620316348091134e+00,-2.041431188844671674e+00,3.343557955094539902e-01
-6.219853465156350847e-01,-1.605903524645719394e+00,3.024231832774896822e-01
-1.893859797544899193e+00,-1.200301245947813511e+00,3.092913951316653698e-01
-1.145533498621554402e+00,-2.035988328838082673e+00,3.305537614364797983e-01
-6.205026380688527521e-01,-1.606669940126384644e+00,3.030162128658293041e-01
-1.897041408865475898e+00,-1.192651907404983280e+00,3.043709211545683746e-01
-1.142620541285467750e+00,-2.031409628277681456e+00,3.227298084905487197e-01
-6.144227289008488135e-01,-1.597909518975907606e+00,2.994333231879724999e-01
-1.894838672870506890e+00,-1.192831095379502271e+00,3.092047695978156763e-01
-1.130276873337510146e+00,-2.028327488931769729e+00,3.072093855708388777e-01
-6.110879080870460500e-01,-1.580092306771831323e+00,2.973078788067568534e-01
-1.901958190327962317e+00,-1.198848272208086652e+00,3.020933293409885922e-01
-1.113036766779651021e+00,-2.032619959431636758e+00,2.949702427162447238e-01
-5.967640009044878902e-01,-1.563869962842553640e+00,2.989541997118855821e-01
-1.898231626608916089e+00,-1.216638573344528407e+00,2.943301981387054234e-01
-1.090449711378451036e+00,-2.025769445174778305e+00,2.870057748767925188e-01
-5.807754565000029512e-01,-1.542786161399739786e+00,2.981548334908291631e-01
-1.897533807588611898e+00,-1.236316318643217116e+00,2.868552618529620069e-01
-1.067144749298611028e+00,-2.026796207217494317e+00,2.876731491589107348e-01
-5.577095596131826927e-01,-1.523942668781012255e+00,2.982138508472008120e-01
-1.897455630065437493e+00,-1.263011332778199769e+00,2.833711893766652778e-01
-1.046238340961734847e+00,-2.021972146342014387e+00,2.873019594221248862e-01
-1.893704672645224685e+00,-1.288107026836383895e+00,2.840151622096354078e-01
-1.030299056640721744e+00,-2.014905163618757822e+00,2.731237375087481878e-01
-1.901466406308365498e+00,-1.308831542958629912e+00,2.773059714753033367e-01
-1.024819554245617548e+00,-2.016711707621801519e+00,2.641684669797734752e-01
-1.896084437525369149e+00,-1.317083821838546553e+00,2.767511772590951491e-01
-1.036611779928342747e+00,-2.020645554874783922e+00,2.662232374195683260e-01
-1.894903009204610633e+00,-1.314623413818576170e+00,2.833959508289766727e-01
-1.057186572353737253e+00,-2.023982036200661305e+00,2.744922192559771101e-01
-1.906692636605439528e+00,-1.300850980981331562e+00,2.893893255844139367e-01
-1.086658154768436413e+00,-2.031359481968639358e+00,2.900496817728389076e-01
-1.904518117387291598e+00,-1.280041789838507471e+00,2.982232389750315571e-01
-1.119262924667152603e+00,-2.027888179327486107e+00,3.042871891478919899e-01
-1.905924584040316727e+00,-1.251700286208593527e+00,3.020989825957912100e-01
-1.151904930842221342e+00,-2.031015051232227808e+00,3.086193796149776514e-01
-1.898920798043379321e+00,-1.223522647855556755e+00,3.059151905184190889e-01
-1.186307240196937673e+00,-2.027779355766910374e+00,3.136616536726002380e-01
-6.121192958059006317e-01,-1.575480598281966405e+00,3.038617305315043371e-01
-1.909277576489882833e+00,-1.183860841128893338e+00,3.101355380152533425e-01
-1.222261991377665336e+00,-2.023730952331137978e+00,3.142767141494525185e-01
-6.298061674588191217e-01,-1.596183124599357184e+00,3.048984570365035340e-01
-1.904139126754218703e+00,-1.147723701189022005e+00,3.175734090245538321e-01
-1.248644728011817140e+00,-2.020210149227871455e+00,3.356791985009774382e-01
-6.291832495466940234e-01,-1.614851220666721154e+00,3.072430290409381426e-01
-1.903822949945067844e+00,-1.115427304429901012e+00,3.127553841657507161e-01
-1.260978207561825215e+00,-2.028746752085619942e+00,3.331803795592018225e-01
-6.203483114410193178e-01,-1.624229698684019674e+00,3.052646187146104140e-01
-1.910537194414485551e+00,-1.101677643225894787e+00,3.092640671975434019e-01
-1.253276573007628736e+00,-2.032864810475751849e+00,3.248205499838713872e-01
-6.091596989813872209e-01,-1.620808250574731879e+00,3.041603457932046117e-01
-1.906846167739812081e+00,-1.108916493876802800e+00,3.054480670356725103e-01
-1.237944613668014116e+00,-2.032799619181805184e+00,3.088890503650393859e-01
-6.121065900600657361e-01,-1.600961359267718764e+00,3.006740956560221001e-01
-1.908337179782093607e+00,-1.118827105404115230e+00,2.960029587205423862e-01
-1.216024352965793254e+00,-2.031006067670850790e+00,3.034467990167574181e-01
-6.149921736827526075e-01,-1.579644424994876228e+00,3.024533267601126618e-01
-1.906086583043937521e+00,-1.136647066626679692e+00,2.951344064099063469e-01
-1.195022952575159669e+00,-2.027989563447382348e+00,2.960591714151932230e-01
-6.046763471283358449e-01,-1.560976549456520424e+00,3.031111357219052893e-01
-1.910224034053152220e+00,-1.152492168424631647e+00,2.926350859770425750e-01
-1.173422556503974201e+00,-2.023531900625798130e+00,2.930002515436270216e-01
-5.859524645615500349e-01,-1.544690982163471560e+00,3.022881942283868750e-01
-1.910559431147605292e+00,-1.172280771285543199e+00,2.921383712966475477e-01
-1.153168375001394574e+00,-2.022830709490197165e+00,2.919284240865954172e-01
-5.757516862661989920e-01,-1.524633723879497804e+00,3.028248041504214005e-01
-1.909966939326463109e+00,-1.192403151027993768e+00,2.919848334817709001e-01
-1.130750035701180378e+00,-2.016857129381667058e+00,2.923321421006372378e-01
-1.909263046252318574e+00,-1.217170152814710971e+00,2.908381836662363717e-01
-1.110236067617514699e+00,-2.014148542429309963e+00,2.813783542375549729e-01
-1.906216704594607902e+00,-1.241359273327406587e+00,2.894139698634716762e-01
-1.097907786384331175e+00,-2.011529088772264107e+00,2.638005232640409647e-01
-1.899389541150342087e+00,-1.257949462956906572e+00,2.866641260681002112e-01
-1.102387904602794011e+00,-2.013712517768018628e+00,2.701031616289486514e-01
-1.909095492930811933e+00,-1.263251594311060488e+00,2.911095725104506093e-01
-1.116207728192164739e+00,-2.022817305174286595e+00,2.784791663220369529e-01
-1.910569146631757143e+00,-1.262661840131553470e+00,2.941509837120193649e-01
-1.137673206673573301e+00,-2.022163263049576276e+00,2.898372111975559551e-01
-1.916595919411978377e+00,-1.256871302195951445e+00,2.997176075994298916e-01
-1.164661594619497142e+00,-2.027471451138354475e+00,3.027427498236218151e-01
-1.908295156066260212e+00,-1.245179175427350238e+00,3.074248063057681279e-01
-1.193342488111751809e+00,-2.023244815918361361e+00,3.091373916383144960e-01
-5.926486483587025678e-01,-1.548122357779529112e+00,3.000511022498271729e-01
-1.917732502705422837e+00,-1.224794823466526683e+00,3.104474720351623751e-01
-1.222827674238540663e+00,-2.027342381408096195e+00,3.253429587443734672e-01
-6.217789952300547540e-01,-1.571346980052412245e+00,3.022414565286613009e-01
-1.909973985966964438e+00,-1.206097777413769778e+00,3.104685952882244582e-01
-1.238515571316216146e+00,-2.023495030096671421e+00,3.449359107749325748e-01
-6.259488299600908245e-01,-1.590944658264257461e+00,3.068417745860415047e-01
-1.912254113822174473e+00,-1.194542665140321480e+00,3.064215890851920698e-01
-1.241981446315970850e+00,-2.026167981567073006e+00,3.404008197812606329e-01
-6.248689484036609176e-01,-1.597896016931062313e+00,3.112754145953973151e-01
-1.910228307880623699e+00,-1.198636968222608123e+00,2.986449344227355418e-01
-1.233296631527393661e+00,-2.025498052290251039e+00,3.297584004253247825e-01
-6.099565417790799859e-01,-1.594013410460422220e+00,3.095560149832869423e-01
-1.908500420085512239e+00,-1.207129391162403476e+00,2.981739358805837736e-01
-1.219832489026548394e+00,-2.019840648672299288e+00,3.199399693228592301e-01
-6.145496368802619847e-01,-1.572423797559060921e+00,3.081149857046329710e-01
-1.915296396570184800e+00,-1.214908493135981038e+00,3.016594253541154957e-01
-1.202757018380320231e+00,-2.013622596999555370e+00,3.086263707896025332e-01
-6.074552573413085632e-01,-1.554416730860285423e+00,3.072900298397157615e-01
-1.912211017654960266e+00,-1.227875762143054272e+00,3.043914650988160941e-01
-1.188371145264528916e+00,-2.012300546244740307e+00,3.012361047009626258e-01
-5.966103905699583487e-01,-1.535274832522295574e+00,3.056720545320805726e-01
-1.917775601088798521e+00,-1.238902050152878020e+00,3.043834951353975860e-01
-1.170472335560358568e+00,-2.011574330193463211e+00,2.975821404342340881e-01
-5.766015565147128985e-01,-1.516428214197204083e+00,3.059380730295411244e-01
-1.908879078224573256e+00,-1.258607384381594363e+00,3.021930950827083073e-01
-1.149795321127916825e+00,-2.009983053027616151e+00,2.980658849722218062e-01
-5.450154133227615993e-01,-1.497285353269053987e+00,3.045721725056075857e-01
-1.905638284057124210e+00,-1.279142890438354829e+00,3.027639842579699647e-01
-1.129073581201970544e+00,-2.008035415970409687e+00,2.979271663171868534e-01
-1.904004403124615052e+00,-1.305116984261595725e+00,3.026068669823549495e-01
-1.108054630106148908e+00,-1.996866900754195928e+00,2.859801292665873906e-01
-1.899329408223963345e+00,-1.327348645796136095e+00,2.980851609690742254e-01
-1.099140517124447047e+00,-2.001902831484401624e+00,2.715682109103688124e-01
-1.901509452544158485e+00,-1.338530971440648365e+00,2.890858242047089632e-01
-9.218554014104167749e-01,5.344090024970731267e-01,3.914420956312909539e-01
-1.107259870149799097e+00,-2.005118540739135202e+00,2.738579125277145754e-01
-1.902843516061747842e+00,-1.339575621092356839e+00,2.911577525701207203e-01
-1.127775973639602247e+00,-2.014232074970621067e+00,2.813736213757829785e-01
-1.904682499086409297e+00,-1.330880775519057924e+00,2.932164359074081461e-01
-8.218040541622959605e-01,5.055926525691418760e-01,3.225044839617619563e-01
-1.157704709134192322e+00,-2.013962178987575236e+00,2.946082338794936972e-01
-1.903388551632367420e+00,-1.311298632173341083e+00,3.015036682818331704e-01
-1.193123187083685144e+00,-2.017719181718568677e+00,3.051386287975194622e-01
-1.908806823379112227e+00,-1.279636194335107113e+00,3.080431897040324940e-01
-1.228227472681841403e+00,-2.014169080675730417e+00,3.090423804592276613e-01
-6.014816797834521278e-01,-1.557999744658827845e+00,2.946115813799109473e-01
-1.906289024828813350e+00,-1.244589020339898155e+00,3.092918469619731492e-01
-1.262536566296386331e+00,-2.011234567801879258e+00,3.205113728182252264e-01
-6.177655594125519567e-01,-1.591295586014544572e+00,2.982717627177209341e-01
-1.902882764869897603e+00,-1.208225660165412441e+00,3.017646336633461601e-01
-1.284163898760589451e+00,-2.009060257691043905e+00,3.323321726357666983e-01
-6.140960761547376023e-01,-1.619957865124843188e+00,3.020924436768125387e-01
-1.901702576424282753e+00,-1.182216096135428662e+00,2.949060575452447930e-01
-1.290766340224311692e+00,-2.010544537555331246e+00,3.253876846711973858e-01
-6.023681317215370257e-01,-1.632420362516913359e+00,3.041505760712401862e-01
-1.904986961254580669e+00,-1.165093250758453269e+00,2.884803635181502068e-01
-1.288307683105710311e+00,-2.012143765938044560e+00,3.127951271103432407e-01
-5.957067067618957434e-01,-1.629291779045129340e+00,3.031388493729335609e-01
-1.911904468534797008e+00,-1.158399827273311589e+00,2.861617571444829977e-01
-1.271245356181184061e+00,-2.013236469734348333e+00,2.955484459122584839e-01
-5.984557061940498635e-01,-1.609913203603026810e+00,2.962040886143131879e-01
-1.914629279627332981e+00,-1.169476773690737437e+00,2.804918067310270824e-01
-1.246516569844700939e+00,-2.007572839371141171e+00,2.881752321939306527e-01
-5.990600318865537677e-01,-1.581653150627639448e+00,2.946906136784362973e-01
-1.909167004124535882e+00,-1.191511670764407338e+00,2.847736089111652102e-01
-1.222680420273372315e+00,-2.009584186671348860e+00,2.869242178865249460e-01
-6.007591798862843557e-01,-1.553926210357273963e+00,2.988732503472590341e-01
-1.911524630644068523e+00,-1.214689064440031441e+00,2.875554798217944685e-01
-1.201731094924760601e+00,-2.009098000595343159e+00,2.860683273626631884e-01
-5.928228537841768730e-01,-1.530573614290369422e+00,2.973450991759694073e-01
-1.909841941953930533e+00,-1.238686915295007074e+00,2.893528312811911030e-01
-1.179261013165789240e+00,-1.999181487624791309e+00,2.878612389203828448e-01
-5.762185090914877517e-01,-1.507521750284148920e+00,2.978332476411389984e-01
-1.913098437567409160e+00,-1.263477094934741585e+00,2.891578206427055653e-01
-1.156393245043549900e+00,-2.002845707513111417e+00,2.935577336474681220e-01
-5.625786749384013019e-01,-1.483358779339710054e+00,2.983103947758193319e-01
-1.912708222671876346e+00,-1.296507219636354957e+00,2.959231425004359428e-01
-1.134071138954228175e+00,-1.998601806199392650e+00,2.967050904340441941e-01
-1.910371099552832463e+00,-1.330250749544776179e+00,3.017286592116195654e-01
-1.117116538018004812e+00,-2.003327544804608618e+00,2.880636826290655095e-01
-1.908302452255195902e+00,-1.360290993302026630e+00,2.998043190822880510e-01
-1.106034458805292831e+00,-1.997754568125096108e+00,2.734178648419254842e-01
-1.906965657291288974e+00,-1.374393979316670400e+00,2.909333326403678033e-01
-1.115388393983877569e+00,-2.002359793426819579e+00,2.779515345627056044e-01
-1.912646979308073369e+00,-1.376608690317718153e+00,2.897542920626945406e-01
-1.133167842860240970e+00,-2.010633293193559545e+00,2.853822204010480479e-01
-1.915452253708418429e+00,-1.373699016950212348e+00,2.921518799407095690e-01
-1.157505188026608289e+00,-2.008636158656622595e+00,3.002231403490120409e-01
-1.904327306261673680e+00,-1.357179238041859692e+00,2.989565314825543552e-01
-1.191477179097739203e+00,-2.016689993813951531e+00,3.075018793873104950e-01
-1.913228243034726939e+00,-1.329227322558739877e+00,3.081927748021852098e-01
-1.225998584816410331e+00,-2.011824414404608241e+00,3.116757502505739796e-01
-6.218288299415497544e-01,-1.565194460731678561e+00,2.967897912096696955e-01
-1.904978726326246097e+00,-1.296687183999323700e+00,3.090855526630236216e-01
-1.259441391229937590e+00,-2.011089146357543544e+00,3.165845516865141707e-01
-6.280494311005602182e-01,-1.601999641885527792e+00,2.971173994853518185e-01
-1.908492329016062250e+00,-1.261286499530296590e+00,2.994710783451252634e-01
-1.277510164443310892e+00,-2.010711069051106747e+00,3.263293486651837050e-01
-6.108616615403025252e-01,-1.637253192307241756e+00,3.007561620209280862e-01
-1.908207452077212762e+00,-1.242900947375055853e+00,2.899762411907512161e-01
-1.281419925162613049e+00,-2.017973333106519274e+00,3.225551811735885011e-01
-6.031740168518382461e-01,-1.647792068565895773e+00,3.003443900396215449e-01
-1.917827160363566152e+00,-1.234888691605807498e+00,2.912937795802429397e-01
-1.267927887889030103e+00,-2.018567305702355874e+00,3.112996207360751999e-01
-5.976640599096918471e-01,-1.637900398782168532e+00,2.979914699140676082e-01
-1.914989650581362834e+00,-1.243935467813122919e+00,2.896295725164566015e-01
-1.246681524022624776e+00,-2.017290465697391344e+00,3.051441095161585570e-01
-5.958890342884939351e-01,-1.617076326763657868e+00,3.020170816650590284e-01
-1.912716575041623068e+00,-1.261768091386466173e+00,2.872764647440554375e-01
-1.222640294579178555e+00,-2.014686740371171236e+00,3.002282141479430955e-01
-5.931055475549070755e-01,-1.594183259684699872e+00,3.061294868623000154e-01
-1.909717526160902068e+00,-1.283086892935879630e+00,2.871308451505685810e-01
-1.199177329725363617e+00,-2.008209108487409633e+00,2.950690942117581428e-01
-6.002904347306772248e-01,-1.565732032708661903e+00,3.073379333545707692e-01
-1.910364559669248896e+00,-1.304676640940478638e+00,2.860807088133455744e-01
-1.173355089112580574e+00,-2.008954389120740203e+00,2.950764254245785145e-01
-6.067806814260205961e-01,-1.535601473387315341e+00,3.062324875115823852e-01
-1.905875353949912920e+00,-1.333028388929069052e+00,2.829477871031155223e-01
-1.148938052430888535e+00,-2.005951718912593496e+00,2.947122844318311174e-01
-5.770083342378692359e-01,-1.509749503518877711e+00,3.045995937737069892e-01
-1.905472302201830725e+00,-1.360384883729863992e+00,2.835592473713883233e-01
-1.130065183353576641e+00,-2.003673056090832461e+00,2.902079274530686703e-01
-5.458810661897365302e-01,-1.484679139673703796e+00,2.957964850053561023e-01
-1.905078255207865112e+00,-1.383330139460489550e+00,2.868309107905984701e-01
-1.112600052124574468e+00,-1.996547532690301052e+00,2.944972856472163891e-01
-1.907498173271939601e+00,-1.400001802693915387e+00,2.940861658737735085e-01
-1.101305175503590084e+00,-1.997559765665905207e+00,2.818428886831715885e-01
-1.909212116556040506e+00,-1.413887852575129944e+00,2.938208880247480392e-01
-1.096522314143252741e+00,-1.994131869162588222e+00,2.709805355484000144e-01
-1.903067353229805914e+00,-1.414523234821348785e+00,2.872264864886793778e-01
-1.106729185333428012e+00,-1.994920053987925490e+00,2.754202837594112996e-01
-1.904235002972266777e+00,-1.403681271755370830e+00,2.900549418139338753e-01
-1.128951944240244920e+00,-2.007170930213989735e+00,2.847500423284526350e-01
-1.909261992038514766e+00,-1.386838054052324187e+00,2.996950099783982080e-01
-1.161197300037087654e+00,-2.008798536233676657e+00,2.955881943902609055e-01
-1.914785538446273527e+00,-1.357705742881826216e+00,3.105862401504586590e-01
-1.197801667677346860e+00,-2.007069128775499589e+00,3.062167558158835901e-01
-1.909785486905996033e+00,-1.319440261445426144e+00,3.130418544193366848e-01
-1.237573091835302508e+00,-2.009346430274367989e+00,3.126440065485320274e-01
-6.064860186754755800e-01,-1.551925455220519279e+00,2.978062954262079010e-01
-1.912012949847321952e+00,-1.273599186617054846e+00,3.167514845330287043e-01
-1.268625130497250675e+00,-2.004407298742440169e+00,3.220887053275494627e-01
-6.217923050381509720e-01,-1.584538583507231202e+00,3.058850676084060027e-01
-1.913287466028025463e+00,-1.231059049927980098e+00,3.022151247841425858e-01
-1.283143310830518358e+00,-2.004395686324947690e+00,3.286465894129952381e-01
-6.174046781439290754e-01,-1.604477517814045573e+00,3.112531583691693915e-01
-1.911817133166308524e+00,-1.207757542733865153e+00,2.906216859225050908e-01
-1.281832109200787384e+00,-2.011492128590483652e+00,3.239987273569448489e-01
-6.057876625711715590e-01,-1.602117800309142082e+00,3.116469855584562687e-01
-1.917281574456462412e+00,-1.199905475659774234e+00,2.872961131311886351e-01
-1.265076856246456272e+00,-2.010288992891622328e+00,3.116191127525118065e-01
-6.022858291845960554e-01,-1.581590356300337508e+00,3.076778653537660113e-01
-1.918511285648716092e+00,-1.209362548120755942e+00,2.871594206358083490e-01
-1.242678004178568774e+00,-2.006974924611447886e+00,3.014846780853590591e-01
-6.040521988550980881e-01,-1.551490854204572445e+00,3.041943608219913053e-01
-1.917099932170542420e+00,-1.225355620795450573e+00,2.919281648203245205e-01
-1.218795759234051701e+00,-1.999693192710987333e+00,2.922097479494178973e-01
-6.034025636122913872e-01,-1.519436464044693125e+00,3.001274087900679399e-01
-1.919399701124848923e+00,-1.241718075363523299e+00,2.931252200543941755e-01
-1.189095401205528146e+00,-1.999934048748988502e+00,2.893628649427729682e-01
-5.778192667611103950e-01,-1.489610524009006065e+00,2.987643305546159866e-01
-1.909415010312617511e+00,-1.267484312024171000e+00,2.951975806646873757e-01
-1.161685150204467831e+00,-1.995699682375468020e+00,2.900994992937779848e-01
-1.908512496379166201e+00,-1.289510645190053539e+00,2.934099018061966935e-01
-1.139351901147712454e+00,-1.993917786752001486e+00,2.734169408829758563e-01
-1.911921107245111884e+00,-1.308225637946521358e+00,2.962226168553523387e-01
-1.130924604994778759e+00,-1.995167087147002860e+00,2.631303964341673574e-01
-1.915623387476860895e+00,-1.311405092943712436e+00,2.918768058495537221e-01
-1.138680381478924142e+00,-1.998805238997993117e+00,2.696520801884823015e-01
-1.907349864078356383e+00,-1.302800004759028463e+00,2.926507852016917988e-01
-8.612764415880291846e-01,5.342136952082034984e-01,3.744142139681475023e-01
-1.159458348356128043e+00,-2.005451346799735024e+00,2.760779293171707893e-01
-1.914577315265877155e+00,-1.284848710121393900e+00,2.976924111609800527e-01
-1.185746642922941296e+00,-2.008498106632211400e+00,2.912677128759246226e-01
-1.917605929078924465e+00,-1.263206741952905610e+00,3.020735909852330647e-01
-1.214296233860205909e+00,-2.017733676574564150e+00,3.010819356741930575e-01
-1.913739261715641682e+00,-1.242699858857636785e+00,3.075651586030856977e-01
-1.239789025783850196e+00,-2.015013835423679733e+00,3.064766976130677834e-01
-5.900635256851933796e-01,-1.527985142604323610e+00,3.012015774988512362e-01
-1.920294281489104415e+00,-1.217440928509588627e+00,3.033057176174231429e-01
-1.264133848696275209e+00,-2.018412984611186012e+00,3.196557206337539703e-01
-6.098601843719592130e-01,-1.550383670557684335e+00,3.019206322990108382e-01
-1.913247553352307673e+00,-1.194924113884273886e+00,2.963645588628936456e-01
-1.276503542548858894e+00,-2.020357437815879287e+00,3.296627482278952082e-01
-6.199027857382264362e-01,-1.563489448126254677e+00,3.067698202223771431e-01
-1.919937581505190227e+00,-1.181960829487524567e+00,2.875229255437138365e-01
-1.273149218695518448e+00,-2.020433879317243164e+00,3.263136199505365931e-01
-6.156554360916923763e-01,-1.561134932689058452e+00,3.068096853845977967e-01
-1.921570612992961280e+00,-1.181953460388651234e+00,2.866363910819201277e-01
-1.257144989128630819e+00,-2.014966075620070463e+00,3.142908741126311245e-01
-6.119093773190473762e-01,-1.544102890186925370e+00,3.049171951942857284e-01
-1.916102617961550791e+00,-1.191772921160260790e+00,2.928928869782355116e-01
-1.236105445125054603e+00,-2.010961525425813967e+00,3.010332628657528820e-01
-6.012631717760061889e-01,-1.520456919116405459e+00,3.048436641916761891e-01
-1.916906420104844244e+00,-1.205026233160247484e+00,2.908677748113533967e-01
-1.209469698265140059e+00,-2.011374465577719928e+00,2.966847202989247867e-01
-5.869808690250029048e-01,-1.495450196852460945e+00,3.025844161851412029e-01
-1.915138735910492773e+00,-1.227106543336877964e+00,2.989287017414311576e-01
-1.182468697543452185e+00,-2.010064687559131258e+00,2.895074881469472117e-01
-1.913668836636212234e+00,-1.254320095498886678e+00,2.972836158737272583e-01
-1.156799424322923819e+00,-2.012030237556921897e+00,2.961349025643212896e-01
-1.910779250497608439e+00,-1.281603843197946846e+00,3.067511234238702866e-01
-1.129816255805876191e+00,-2.005388708053067681e+00,3.055179996248176266e-01
-1.910791614562203478e+00,-1.308421208173898176e+00,3.159962212108152757e-01
-1.094348963895600546e+00,-2.005720711699363612e+00,3.063927882952988679e-01
-1.905731755611313805e+00,-1.333683418531690146e+00,3.173400207986313282e-01
-1.062245737840524562e+00,-2.000850751820371087e+00,3.091584574670738217e-01
-1.904333203349855452e+00,-1.359679452699824154e+00,3.089023009887880700e-01
-1.023556122196597862e+00,-1.997597989281812980e+00,3.096276182407730615e-01
-1.892578583355341237e+00,-1.388527425341108401e+00,3.049361214058242675e-01
-9.841343842955455612e-01,-1.991615766553910483e+00,3.062481934903628633e-01
-1.891972535381043929e+00,-1.418901369266439616e+00,2.988922045485227219e-01
-1.284955973139026764e+00,5.365685850004719981e-01,2.840075610177228427e-01
-9.465392626733862835e-01,-1.989789572280270091e+00,3.037456262387391304e-01
-1.889518152224746395e+00,-1.450248965262662448e+00,2.962792188325168996e-01
-9.104217688189739643e-01,-1.987792981729650910e+00,3.037464620453207975e-01
-1.884171946786486362e+00,-1.475038701175726663e+00,2.954014826046169606e-01
-1.419689737056647694e+00,5.171274368242717578e-01,2.888593803511118052e-01
-8.774955669161943472e-01,-1.977597916727099392e+00,3.022717706560850148e-01
-1.889099832987127581e+00,-1.499548224688425746e+00,2.979938261943259059e-01
-1.487754325550534773e+00,5.098240786313079642e-01,2.976584509129833744e-01
-8.420737517670058292e-01,-1.968444182339729176e+00,2.996642679946575627e-01
-1.893522284745251749e+00,-1.526249334700455096e+00,3.018320362420167102e-01
-8.001193612390136156e-01,-1.966605239651516346e+00,2.999964987227649593e-01
-1.878165773647272552e+00,-1.555245291232649985e+00,3.026281389925237764e-01
-7.520100855756237657e-01,-1.957894441204953484e+00,2.963729785747461487e-01
-1.877780681414500163e+00,-1.596172838756105161e+00,2.965917625300761307e-01
-1.745079123966818635e+00,4.652019019047517467e-01,2.895505556210650755e-01
-6.948242480893258577e-01,-1.950333079154656479e+00,3.001075899526614577e-01
-1.869031636740742019e+00,-1.639782097076460943e+00,2.964887549618802631e-01
-6.417304058565589386e-01,-1.943114854457369312e+00,3.037308284133959924e-01
-1.868399197569844183e+00,-1.687881968494968632e+00,2.911670168908571110e-01
-5.867199273020372585e-01,-1.943152505078137526e+00,3.098559346392487646e-01
-1.869613202494881943e+00,-1.730599046801028384e+00,2.957183309025111506e-01
-5.376580796070715706e-01,-1.937607447916701808e+00,3.056433648800463421e-01
-1.868020925305023727e+00,-1.764939769232461764e+00,2.951757231092115852e-01
-4.932521970488629726e-01,-1.920466785490214878e+00,3.010469967233819211e-01
-1.869880440848118663e+00,-1.802509672799080143e+00,2.955882478056003904e-01
-4.692822919266692594e-01,-1.869128190462396422e+00,2.989194631840134120e-01
-1.863211156342868158e+00,-1.847628521542144853e+00,2.939109520593681801e-01
-4.701257801189063779e-01,-1.782589277704541342e+00,3.009653286335562394e-01
-1.854112694112107107e+00,-1.899218595041600066e+00,2.898827191453121621e-01
-5.302120463341946088e-01,-1.641135954115966467e+00,3.031226189185689535e-01
-1.831792522141742152e+00,-1.937271241962794877e+00,2.938946024212888974e-01
-1.976970317427122703e+00,-1.197719948659377032e-01,2.886895572566507973e-01
-5.543333672814247937e-01,-1.566362173232198396e+00,3.066329107452852587e-01
-1.818474028261799713e+00,-1.973769243285993458e+00,2.942689095205965333e-01
-1.965903157230839193e+00,-1.774259562089457454e-01,2.897068172701978694e-01
-5.545901584830419395e-01,-1.527312692161210128e+00,3.042126666297685356e-01
-1.796217483796840320e+00,-1.986407052873642609e+00,2.945197312567043868e-01
-1.967584008985447275e+00,-2.139929758007979022e-01,3.007655090792038521e-01
-5.425663071207196264e-01,-1.502233531172220360e+00,2.994161134738586028e-01
-1.779027124570129459e+00,-2.000597481167798453e+00,2.824449539041084534e-01
-1.947225384044953822e+00,-2.604001183739995673e-01,3.191695746065759676e-01
-5.255406358943766065e-01,-1.485627076045962891e+00,2.915946028036044968e-01
-1.757855930801444977e+00,-2.002122887430723530e+00,2.753745300509189420e-01
-1.946849309438662523e+00,-2.738074275006792124e-01,3.259931069738470355e-01
-4.926782062139046237e-01,-1.488303207846050968e+00,2.884244755191820442e-01
-1.746320079645268031e+00,-2.004084253112837111e+00,2.657757112481809458e-01
-1.925275020213537136e+00,-2.871549660233213563e-01,3.278148323880643589e-01
-4.448197786877438054e-01,-1.504386575694549588e+00,2.892339270591932632e-01
-1.738572668499323237e+00,-2.000066932378718132e+00,2.696011966927207570e-01
-1.908834108352681191e+00,-2.835454615292971603e-01,3.232653499837097599e-01
-3.685179578323705130e-01,-1.547857946359615156e+00,2.918154350636413819e-01
-1.727408298347151039e+00,-1.984391900908728301e+00,2.722157161539833226e-01
-1.900644683410320335e+00,-2.615630202921910286e-01,3.213675368270301203e-01
-1.737797781932560071e+00,-1.981528703048544005e+00,2.781826225679390197e-01
-1.756919755347449374e+00,-1.981079874899054571e+00,2.872884881654887979e-01
-1.875818301831315926e+00,-1.944951189159693783e-01,3.091661530719108097e-01
-1.652630611592176280e-02,-1.850723942885859952e+00,3.028926118086676111e-01
-1.771729449679273261e+00,-1.971899402867889783e+00,2.963785713211649631e-01
-1.872074213440806822e+00,-1.507440125301691136e-01,2.939070873147878737e-01
-1.782398126444880493e+00,-1.957337856502544771e+00,3.015805703710246477e-01
-1.872150631347580640e+00,-1.087820793269036468e-01,2.904110014954658925e-01
-3.669674534467515237e-02,-1.844050357825811393e+00,3.154915515745216892e-01
-1.808916187686286703e+00,-1.961689222243965247e+00,3.079188529278160669e-01
-1.882234110163279794e+00,-5.688330335512092883e-02,2.879280561919722037e-01
6.969222750362713548e-03,-1.887757879012931017e+00,3.190737640474524683e-01
-1.809022930515868266e+00,-1.936738350554778831e+00,3.104474854166700548e-01
-1.874883500880502929e+00,-2.532803546574269316e-02,2.870041381596757923e-01
1.541500671488194030e-02,-1.903659224194702126e+00,3.164744220183878798e-01
-1.826500375064544768e+00,-1.928618703639182197e+00,3.063872643311163491e-01
-1.892690647501677814e+00,3.080474219812234793e-02,2.898391662939838742e-01
1.586051178003478057e-02,-1.900056411658791466e+00,3.106400540341516803e-01
-1.832586801169747259e+00,-1.909124279849210737e+00,3.035474511824824972e-01
-1.897020657814880495e+00,6.161346550453794535e-02,2.940173291770861730e-01
3.652865615868594595e-02,-1.912063068862335236e+00,3.065468192672649028e-01
-1.837945975857764314e+00,-1.897777422301987649e+00,2.984366880016529611e-01
5.867261129287115740e-02,-1.916203317642319881e+00,3.030189061744660295e-01
-1.846873832397758264e+00,-1.897286878453440462e+00,2.960965318413367742e-01
-1.905195547238952791e+00,1.068352531915688353e-01,3.038827245006795463e-01
7.307576912245983269e-02,-1.911249505230494083e+00,2.966365747473447279e-01
-1.855878830975608018e+00,-1.899071286022891325e+00,2.913600477234532526e-01
1.001102881961688507e-01,-1.921953765380830514e+00,2.945597632281480305e-01
-1.843382722344352409e+00,-1.879123903099049198e+00,2.878128471129010046e-01
-1.901432773976249546e+00,1.383258384032541866e-01,3.042283050139603096e-01
1.260744034940063374e-01,-1.922519209868724488e+00,3.005769601300992688e-01
-1.864937569468105849e+00,-1.896303335980150662e+00,2.860838073407975246e-01
-1.914001376483119188e+00,1.602536610458489275e-01,3.047476494386070489e-01
-1.849204599242691760e+00,-1.885660586050482257e+00,2.882167333264698539e-01
-1.931619753280764407e+00,1.853144345212167643e-01,3.065955375474662126e-01
-1.842227405270246532e+00,-1.886478786294106369e+00,2.982374097166231031e-01
-1.906082443301190699e+00,1.692513682432126298e-01,3.114623462881754290e-01
-1.838671660542320341e+00,-1.888178943028067769e+00,2.978866094757817717e-01
-1.908631141439192547e+00,1.876217327843070493e-01,3.077332848715088609e-01
2.061410159020244937e-01,-1.916190920685240329e+00,3.079373333863887341e-01
-1.844529465455551298e+00,-1.891810945111868092e+00,3.017572298491527638e-01
-1.909702863042482157e+00,2.123175343666474646e-01,3.070028432050198042e-01
-1.848030482740980140e+00,-1.890622439029162827e+00,2.999327794163773597e-01
-1.899823753328981679e+00,2.256582178222492630e-01,2.989614467365625528e-01
2.192968463852198457e-01,-1.914769499650510021e+00,3.053700457468210283e-01
-1.847421473651279955e+00,-1.881101019126849128e+00,2.982412979791016494e-01
-1.843961264125279387e+00,-1.868073652442311827e+00,3.013317405913991665e-01
-1.908403295477611561e+00,2.859435934797474044e-01,2.936718052778153343e-01
-1.846438257401844529e+00,-1.866742460836650297e+00,3.032679299105888737e-01
-1.913406832966001003e+00,3.047870452650180972e-01,2.887840177901466188e-01
2.479617031143284134e-01,-1.906196781180568900e+00,3.111574493106812889e-01
-1.846220590722857713e+00,-1.871103437273327508e+00,3.068011444281755207e-01
-1.905538870523567851e+00,3.052151445884312420e-01,2.884398682584874973e-01
-1.834720724525302105e+00,-1.868310175126398187e+00,3.042346381497278984e-01
-1.922563972038941804e+00,3.320783337205690522e-01,2.921595608330577187e-01
-1.837651803614832824e+00,-1.876668337672727560e+00,3.054661480194542644e-01
-1.904454986339147560e+00,3.286473964209839504e-01,2.925619289083614127e-01
-1.820400915145686804e+00,-1.860171426410795359e+00,3.025656248808037407e-01
-1.895508098279871767e+00,3.368331791401051323e-01,2.979097832147876712e-01
3.244960147749031965e-01,-1.899304445810171771e+00,3.063513649160484742e-01
-1.834196542532581020e+00,-1.872404153576999297e+00,2.967692303394210973e-01
-1.901974964338422502e+00,3.648409585591314563e-01,2.998998945042691266e-01
-1.889948553519024355e+00,3.679765812255333390e-01,2.953519224832528711e-01
-1.830510392051632795e+00,-1.863963207619460993e+00,2.864141413303624151e-01
-1.892184504412663504e+00,3.837225577990597269e-01,2.960789031993535381e-01
-1.813085598213330041e+00,-1.853069855462966764e+00,2.856835671534439514e-01
-1.886896042229327497e+00,3.879921687898768567e-01,2.852468865076100979e-01
-1.818441449298238810e+00,-1.867659853849897633e+00,2.876802931180590384e-01
-1.805851535067293456e+00,-1.865321341351594553e+00,2.914052154247863680e-01
-1.815461401965741128e+00,-1.889084760398034302e+00,2.965505267466563843e-01
-1.882148504652354060e+00,3.890902415513795010e-01,2.914867592588599177e-01
-1.796973110775968330e+00,-1.888778178636285388e+00,2.976196696408553999e-01
-1.883724002276267129e+00,3.895221633932746119e-01,2.983569689105564082e-01
-1.785849402069495495e+00,-1.894170998200097156e+00,2.986830456399652833e-01
-1.883110235063665483e+00,3.879535346211162583e-01,2.998502968454263562e-01
-1.774921858878439673e+00,-1.898717649934983820e+00,2.946379097525362312e-01
-1.873862985600742270e+00,3.753221815615568335e-01,2.952421600405883972e-01
-1.767618165305583133e+00,-1.909077276413469360e+00,2.963166663708799997e-01
-1.876977070997363439e+00,3.660684292235034665e-01,3.028322256602322127e-01
-1.737790754015107852e+00,-1.927813992203339488e+00,2.955792377353972933e-01
-1.887449868081235715e+00,3.720935120786315053e-01,3.017846430229655375e-01
-1.861327613560648020e+00,3.691130537079523322e-01,2.945233863010709996e-01
-1.719177766564168097e+00,-1.935915493695663292e+00,3.002519684341092288e-01
-1.849739082372633403e+00,3.945978989549188132e-01,2.966286706441733090e-01
-1.732352722160015679e+00,-1.925974214106581650e+00,3.064016188849410516e-01
-1.831512233748032070e+00,4.321585383830770510e-01,2.975223787902151473e-01
-1.744513571961205045e+00,-1.901085503556633194e+00,3.011930190810259700e-01
-1.803784783830653771e+00,4.629467732271845826e-01,2.981272939812855682e-01
-1.769208489833797415e+00,-1.884403501648818979e+00,2.992075407093616191e-01
-1.795195200722542683e+00,4.937095414383192438e-01,2.951125368547521943e-01
-1.765910186586904684e+00,-1.857952825733852897e+00,3.030181534183168379e-01
-1.787820422700445500e+00,5.140086262601863965e-01,2.918830164644523051e-01
-1.761877504659877358e+00,-1.862424582352127489e+00,2.994441015799271799e-01
-1.756449133918569494e+00,-1.876350860392963504e+00,2.880713630046867202e-01
-1.789234803776903915e+00,5.100632213743465648e-01,2.947876064027529774e-01
-1.733858143724475331e+00,-1.872973445938515891e+00,2.931542773355832465e-01
-1.739589842762020000e+00,-1.897065797266490605e+00,2.951016233114208132e-01
-1.791702716937089157e+00,5.042398426459617777e-01,2.885761589452093823e-01
5.377665210132331897e-01,5.636088256409346187e-01,2.971431479895867978e-01
-1.732475315341762023e+00,-1.906618805492301894e+00,2.987099438851964495e-01
-1.789980193357412652e+00,5.011003893932326481e-01,2.884907548844891090e-01
-1.705197892975520935e+00,-1.894715580115904796e+00,2.974239394760550548e-01
5.277319185440638716e-01,5.852358215587718515e-01,3.004129324734889361e-01
-1.710719136244263749e+00,-1.908444632279751252e+00,2.906318558088360482e-01
-1.792190190601756328e+00,5.215920907334699042e-01,2.950087721109113659e-01
-1.771648726268043816e+00,5.233746914052133103e-01,3.019361011165805353e-01
-1.770088326601348294e+00,5.438895963376948473e-01,3.093360019839516695e-01
-1.713877400950667207e+00,-1.873570865897802751e+00,2.876508603974124445e-01
-1.752237750370119640e+00,5.508036725567766467e-01,3.103637223760801200e-01
5.250190457505241604e-01,5.700494245193972187e-01,3.063530424171504452e-01
-1.722404350105694482e+00,-1.866718055940894683e+00,2.845052523847418358e-01
-1.739709947020118053e+00,5.621228420935799885e-01,3.079114353654827663e-01
-1.737892846223186405e+00,5.856415526368297098e-01,3.064402978594109039e-01
-1.733454045183496772e+00,-1.850593354058798656e+00,2.888967394098675423e-01
-1.683591163110524924e+00,5.936271783370368205e-01,2.988692986089416248e-01
-1.677861342784451315e+00,6.099737820147232981e-01,2.974656769090444075e-01
-1.654708967004891340e+00,6.172754438288057255e-01,3.022473257173728389e-01
6.055710101782425525e-01,5.922577595203903922e-01,3.059442668400262910e-01
-1.617680904512329265e+00,6.219154719137220955e-01,2.957676040936991768e-01
-1.616263594250236579e+00,6.485067018085017843e-01,2.971831789718510919e-01
-1.570944353905023405e+00,6.372191686217016926e-01,3.010139783408951608e-01
6.257250460533221315e-01,5.860934253270573269e-01,3.084103057546489501e-01
-1.542720310797154992e+00,6.402085374843313748e-01,2.987615255832311578e-01
-1.473547807531329301e+00,6.400518964274721778e-01,3.032413500391885619e-01
6.684248396262393310e-01,5.896554342703761442e-01,3.082787532240841566e-01
-1.441175507654914645e+00,6.293403775879065076e-01,2.996023027381269910e-01
-1.417064318238643317e+00,6.222272777919826137e-01,2.998232258215774992e-01
-1.406974013220853692e+00,6.132179038523952741e-01,2.902917681757822277e-01
6.232583079822358041e-01,6.035521053243622092e-01,3.053946408178545568e-01
-1.423244586334653006e+00,6.196450528736712204e-01,2.932171911011588472e-01
6.026329033968192972e-01,6.033609518491529489e-01,3.077851234572561712e-01
-1.415949451639875623e+00,6.167636755129712878e-01,3.007275623894538064e-01
-1.409623450104428244e+00,6.201389002078121493e-01,3.005101625214208205e-01
6.014986038072184238e-01,6.171290632190702397e-01,3.144753031043635572e-01
-1.389456154401191634e+00,6.177111515819682097e-01,3.038662582411529867e-01
-1.378055375973531671e+00,6.224851805469133748e-01,3.016597786393627190e-01
6.055973438510197093e-01,6.073290870593298640e-01,3.046896239910746873e-01
-1.346779120543442065e+00,6.251094189206886087e-01,2.951127945543145503e-01
6.268171264726396519e-01,6.102249431221695719e-01,2.992728599673414314e-01
-1.303170038356280536e+00,6.314275903781454424e-01,3.056833535380306111e-01
6.439440659530693001e-01,5.962123908306956599e-01,3.031231737725574304e-01
-1.289383476401524398e+00,6.358509774550215043e-01,3.048651322104954375e-01
6.684732195583511505e-01,6.141038717822461246e-01,3.018284432346359791e-01
-1.280861291951193248e+00,6.418080595606523442e-01,2.999345662736330742e-01
6.769938024727498727e-01,6.197367500630045489e-01,2.988003108918811934e-01
-1.267092892882561772e+00,6.435777038827660279e-01,2.965348904115168716e-01
6.693637720763211396e-01,6.074921842666470839e-01,2.940011164761057172e-01
-1.251911659984773717e+00,6.411303209675477399e-01,2.898818427155282484e-01
6.682426563986951784e-01,6.028768105983987047e-01,2.901468302087497619e-01
-1.245047162599591140e+00,6.473374154574963457e-01,2.895334815861945188e-01
6.751549348198440104e-01,6.123932710010203673e-01,2.841658159663204564e-01
-1.244351386447300367e+00,6.529227629705715019e-01,2.909427354446016412e-01
6.823680259454535380e-01,6.283216139959337809e-01,2.906437738274514349e-01
-1.239641794163807820e+00,6.571708441924544175e-01,2.879047435494805351e-01
6.707481949183941028e-01,6.249557351417047713e-01,2.919391410700461487e-01
-1.220672910104708908e+00,6.490362382904827365e-01,3.001356214152595125e-01
6.571734024957809339e-01,6.158496018156648377e-01,2.987668949155382059e-01
-1.217447901071024630e+00,6.543178919453117581e-01,3.065676105819248876e-01
6.576567016823609002e-01,6.267736479894258084e-01,3.108153579811077094e-01
-1.199829759678733510e+00,6.449671190077566063e-01,3.094696485767527983e-01
6.513433256378060587e-01,6.302268142397478012e-01,3.085044465302418382e-01
-1.189772159645520855e+00,6.520054291279477887e-01,3.104203363282259653e-01
6.578306713748616197e-01,6.349586015864181476e-01,3.061560103277966571e-01
-1.172293184284891376e+00,6.649544829574878246e-01,3.126905160968928565e-01
6.658525020849774823e-01,6.272747501786893887e-01,3.118698958667630583e-01
-1.143460786856615119e+00,6.667979293546317798e-01,3.085039640929053140e-01
6.681046124508325246e-01,6.133212549850755035e-01,3.087260686198569082e-01
-1.125322687800672128e+00,6.795561463458801299e-01,3.003489421140680404e-01
6.960426993023374198e-01,6.239085554289266478e-01,3.010361744204572698e-01
-1.098018605901054823e+00,6.721543584377496217e-01,2.956762789463406316e-01
7.154252217335448361e-01,6.307068571594146578e-01,2.964435153864662942e-01
-1.081797400578312418e+00,6.698435043991252114e-01,2.949355662562433422e-01
7.182768359254054769e-01,6.302777649186521725e-01,2.899061194755813697e-01
-1.058901762202181907e+00,6.559505593247305644e-01,2.908804275692677965e-01
7.169569101013171242e-01,6.354239700554762393e-01,3.003480110743128595e-01
-1.059679158665084442e+00,6.590083924638207025e-01,2.950467739468013995e-01
6.916083581572738392e-01,6.264001161108455618e-01,2.974412959169508430e-01
-1.072812564292338955e+00,6.697347089168946832e-01,3.038612780056081375e-01
6.870511201205286023e-01,6.457890053026993371e-01,3.072399705318859531e-01
-1.055281412607710134e+00,6.571393169854969907e-01,3.135757025463843939e-01
6.707366902851599200e-01,6.432012109186669990e-01,3.004517669564900073e-01
-1.067850028831179188e+00,6.818304973183850759e-01,3.169866849782985163e-01
6.727663257702694022e-01,6.524913139562595887e-01,3.061276604545090096e-01
-1.045964993622762407e+00,6.758982848182120140e-01,3.103655993674140356e-01
6.685890173778697987e-01,6.509744457244607263e-01,3.097777163233977338e-01
-1.024437842430359957e+00,6.779624087954019274e-01,3.103311967676157801e-01
6.702208249546164343e-01,6.474505132552885733e-01,3.060855769630353440e-01
-1.004671776005706452e+00,6.939505651499130456e-01,2.996459358321768573e-01
6.867859898244880190e-01,6.473332282314389063e-01,3.064613823587588048e-01
-9.773834089083432985e-01,7.055535351268160671e-01,2.949367237661770225e-01
7.012653993800884722e-01,6.366613457665305509e-01,3.072673635295505301e-01
-9.398035795511207047e-01,7.111801584558826717e-01,2.935210344334135968e-01
7.266054548555740400e-01,6.327730452718833831e-01,3.051078653158865728e-01
-9.044064114042091873e-01,7.031053619070875005e-01,2.997991584808957777e-01
7.467371193567162724e-01,6.331172582835581375e-01,3.033637310396873343e-01
-8.822329133995123751e-01,6.960574014698681644e-01,3.023015214215243329e-01
7.746511956799484455e-01,6.548785488166294355e-01,3.072362123059561023e-01
